ja,en
何[なに]をするつもりなんだよ,what are you planning to do; suru means to do.
俺[おれ]がやるしかないだろ,I am the only one who can do it; yaru means to do.
このままじゃまずいことになるぞ,this is going to turn out bad; naru means to become.
そこに何[なに]かあるみたいだぞ,there seems to be something over there; aru means to exist.
お前[まえ]、まだここにいるのかよ,you are still here; iru means to be present.
お前[まえ]、何[なに]を言[い]うんだよ,what are you saying; iu means to say.
もうそろそろ行[い]くしかないな,we have to get going soon; iku means to go.
あいつ、本当[ほんとう]に来[く]るのかよ,is that guy really coming; kuru means to come.
そんなの見[み]るんじゃねえよ,do not look at something like that; miru means to see.
ちょっと聞[き]くけどいいか,can I ask you something; kiku means to ask or listen.
お前[まえ]はどう思[おも]うんだよ,what do you think about it; omou means to think.
そんなこと知[し]るかよ,how the hell would I know; shiru means to know.
そんなの見[み]れば分[わ]かるだろ,you can tell just by looking; wakaru means to understand.
俺[おれ]にもできるはずなんだよ,I should be able to do it too; dekiru means to be able.
俺[おれ]がなんとかするしかないな,I will have to handle it myself; ore means I for males.
お前[まえ]にはできないことだからな,this is something you cannot do; omae means you.
あいつ、いい人[ひと]だと思[おも]うけどな,I think he is a good person; hito means person.
あいつはやばい奴[やつ]だからな,that guy is seriously dangerous; yatsu means guy.
そんな事[こと]、できるわけないだろ,there is no way that is possible; koto means thing or matter.
そんな物[もの]、もういらないんだよ,I do not need that thing anymore; mono means thing.
ちょっと話[はなし]があるんだけどさ,I have something to talk about with you; hanashi means talk.
後[あと]で全部[ぜんぶ]話[はな]すって言[い]っただろ,I said I would tell you everything later; hanasu means to talk.
あの時[とき]、俺[おれ]は何[なに]もできなかった,back then I could not do anything; toki means time.
今[いま]すぐここから行[い]くぞ,we are getting out of here right now; ima means now.
あいつの名前[なまえ]、知[し]ってるだろ,you know that guy's name; namae means name.
そんな顔[かお]するなよ,do not make that kind of face; kao means face.
ちゃんと目[め]を見[み]て言[い]えよ,say it while looking me in the eye; me means eye.
俺[おれ]の手[て]を見[み]てみろよ,take a look at my hands; te means hand.
お前[まえ]の声[こえ]、ちゃんと聞[き]こえてるぞ,I can hear your voice just fine; koe means voice.
頭[あたま]が痛[いた]くなってきたな,my head is starting to hurt; atama means head.
体[からだ]だけは大事[だいじ]にしろよ,at least take care of your body; karada means body.
あいつの心[こころ]が分[わ]からないんだよ,I do not understand his heart; kokoro means heart.
そんなの気[き]にするなって,do not let that bother you; ki means feeling or spirit.
お前[まえ]の力[ちから]が今[いま]いるんだよ,I need your strength right now; chikara means power.
俺[おれ]の命[いのち]はもう長[なが]くないんだ,my life is not going to last much longer; inochi means life.
今日[きょう]は家[いえ]にいるつもりだよ,I plan to stay home today; ie means house.
俺[おれ]にとって家族[かぞく]は大事[だいじ]なんだ,family matters to me; kazoku means family.
お前[まえ]は俺[おれ]の友達[ともだち]だろ,you are my friend after all; tomodachi means friend.
あいつも俺[おれ]たちの仲間[なかま]なんだよ,he is one of us too; nakama means comrade.
先生[せんせい]、それ本当[ほんとう]なんですか,teacher is that really true; sensei means teacher.
今日[きょう]は学校[がっこう]に行[い]かないぞ,I am not going to school today; gakkou means school.
明日[あした]になれば分[わ]かるからさ,you will understand tomorrow; ashita means tomorrow.
昨日[きのう]はずっと家[いえ]にいたよ,I was home all day yesterday; kinou means yesterday.
この部屋[へや]、誰[だれ]もいないみたいだ,it looks like nobody is in this room; heya means room.
この街[まち]で何[なに]があったんだよ,what happened in this town; machi means town.
今[いま]、変[へん]な音[おと]がしただろ,you heard that weird sound just now; oto means sound.
お前[まえ]の夢[ゆめ]は何[なん]なんだよ,what is your dream; yume means dream.
お前[まえ]、また嘘[うそ]ついてるだろ,you are lying again; uso means lie.
これは俺[おれ]たちの約束[やくそく]だからな,this is the promise between us; yakusoku means promise.
もう遅[おそ]いから帰[かえ]るぞ,it is late so I am going home; kaeru means to return.
ここで待[ま]つから先[さき]に行[い]けよ,I will wait here so you go ahead; matsu means to wait.
あいつにもう一度[いちど]会[あ]うつもりだ,I intend to meet him one more time; au means to meet.
こんな重[おも]い物[もの]、俺[おれ]が持[も]つよ,I will carry something this heavy; motsu means to hold.
その力[ちから]をここで使[つか]うのかよ,are you going to use that power here; tsukau means to use.
お前[まえ]の物[もの]を取[と]るつもりはない,I have no intention of taking your stuff; toru means to take.
そんな所[ところ]に置[お]くなよ,do not put it in a place like that; oku means to put.
勝手[かって]に部屋[へや]に入[はい]るなよ,do not just walk into my room; hairu means to enter.
もうこの家[いえ]を出[で]るしかないな,I have no choice but to leave this house; deru means to exit.
まだ立[た]てるだろ、早[はや]く立[た]つんだよ,you can still stand so get up; tatsu means to stand.
そこに座[すわ]るなって言[い]っただろ,I told you not to sit there; suwaru means to sit.
あいつより早[はや]く走[はし]るしかない,I just have to run faster than him; hashiru means to run.
そこから動[うご]くんじゃねえぞ,do not move from there; ugoku means to move.
こんな所[ところ]で止[と]まるわけにはいかない,I cannot stop in a place like this; tomaru means to stop.
これで全部[ぜんぶ]終[お]わるんだよ,this ends all of it; owaru means to end.
ここから本当[ほんとう]の話[はなし]が始[はじ]まるんだ,the real story starts from here; hajimaru means to begin.
こんな所[ところ]で死[し]ぬつもりかよ,are you planning to die in a place like this; shinu means to die.
俺[おれ]は生[い]きて帰[かえ]るからな,I am coming back alive; ikiru means to live.
絶対[ぜったい]にお前[まえ]を助[たす]けるからな,I will definitely save you; tasukeru means to save.
この街[まち]は俺[おれ]が守[まも]るんだよ,I am the one protecting this town; mamoru means to protect.
あいつとはもう戦[たたか]うしかない,there is nothing left but to fight him; tatakau means to fight.
お前[まえ]だけでも逃[に]げろよ,at least you should run away; nigeru means to escape.
あいつを追[お]うのはやめとけって,quit chasing after him; ou means to chase.
本気[ほんき]であいつを殺[ころ]すつもりかよ,are you seriously planning to kill him; korosu means to kill.
そんな事[こと]で泣[な]くなよ,do not cry over something like that; naku means to cry.
そんなに笑[わら]うなよ、恥[は]ずかしいだろ,do not laugh so much it is embarrassing; warau means to laugh.
先生[せんせい]、また怒[おこ]るんじゃないか,the teacher is going to get mad again; okoru means to get angry.
そんなに驚[おどろ]くことでもないだろ,it is not something to be that surprised about; odoroku means to be surprised.
あの日[ひ]の事[こと]は忘[わす]れないよ,I will never forget that day; wasureru means to forget.
俺[おれ]の名前[なまえ]、ちゃんと覚[おぼ]えとけよ,make sure you remember my name; oboeru means to memorize.
俺[おれ]はお前[まえ]を信[しん]じてるからな,I believe in you; shinjiru means to believe.
俺[おれ]がやるって決[き]めたんだよ,I decided that I would do it; kimeru means to decide.
お前[まえ]が自分[じぶん]で選[えら]ぶんだよ,you are the one who chooses; erabu means to choose.
もうこれ以上[いじょう]頑張[がんば]れないよ,I cannot push myself any harder; ganbaru means to do one's best.
まだ諦[あきら]めるには早[はや]いだろ,it is way too early to give up; akirameru means to give up.
お前[まえ]の力[ちから]、ここから感[かん]じるぞ,I can feel your power from over here; kanjiru means to feel.
誰[だれ]も気[き]づいてなかったんだよ,nobody had noticed at all; kizuku means to notice.
お前[まえ]、朝[あさ]まで起[お]きてたんだろ,you were up until morning; okiru means to wake up.
もう寝[ね]るから静[しず]かにしろよ,I am going to sleep so keep it down; neru means to sleep.
昨日[きのう]から何[なに]も食[た]べてないんだ,I have not eaten anything since yesterday; taberu means to eat.
もうそんなに飲[の]むなって,do not drink that much; nomu means to drink.
あいつの事[こと]、名前[なまえ]で呼[よ]ぶなよ,do not call him by his first name; yobu means to call.
そんなに叫[さけ]ぶなよ、聞[き]こえてるって,do not shout like that I can hear you; sakebu means to shout.
そこで黙[だま]るなよ、何[なに]か言[い]えよ,do not go silent on me say something; damaru means to be silent.
俺[おれ]の物[もの]に触[さわ]るんじゃねえ,do not touch my stuff; sawaru means to touch.
あの手[て]を掴[つか]むしかなかったんだよ,I had no choice but to grab that hand; tsukamu means to grab.
そんな物[もの]、こっちに投[な]げるなよ,do not throw that thing over here; nageru means to throw.
そこから落[お]ちたら死[し]ぬぞ,if you fall from there you will die; ochiru means to fall.
あいつ、急[きゅう]に消[き]えたんだよ,he suddenly vanished; kieru means to disappear.
あいつがまた現[あらわ]れたらしいぞ,apparently he showed up again; arawareru means to appear.
お前[まえ]、少[すこ]し変[か]わったな,you have changed a little; kawaru means to change.
こんな事[こと]、いつまで続[つづ]けるんだよ,how long are you going to keep this up; tsuzukeru means to continue.
その話[はなし]、俺[おれ]にも教[おし]えろよ,tell me about that too; oshieru means to teach.
頼[たの]むから今[いま]は行[い]かないでくれ,I am begging you do not go now; tanomu means to ask a favor.
俺[おれ]がお前[まえ]を許[ゆる]すと思[おも]うか,do you think I will forgive you; yurusu means to forgive.
お前[まえ]のおかげで助[たす]かったよ,you really saved me there; tasukaru means to be saved.
今[いま]から行[い]けば間[ま]に合[あ]うだろ,if we go now we will make it; maniau means to be in time.
あいつをどこかで見[み]つけたのかよ,did you find him somewhere; mitsukeru means to find.
もう一度[いちど]あいつを探[さが]すしかない,we have to search for him again; sagasu means to search.
お前[まえ]の手[て]、血[ち]が出[で]てるぞ,your hand is bleeding; chi means blood.
もう涙[なみだ]なんて出[で]ないんだよ,no more tears are coming out; namida means tears.
あそこにいる男[おとこ]、誰[だれ]なんだよ,who is that man over there; otoko means man.
あの女[おんな]の話[はなし]は信[しん]じるなって,do not believe that woman's story; onna means woman.
子供[こども]じゃないんだから泣[な]くなよ,you are not a kid so stop crying; kodomo means child.
大人[おとな]になれば分[わ]かるってさ,they say you will get it once you grow up; otona means adult.
親[おや]には言[い]わないでくれよな,do not tell my parents; oya means parent.
うちの兄[あに]、めっちゃ怖[こわ]いんだよ,my older brother is really scary; ani means older brother.
妹[いもうと]の事[こと]は俺[おれ]が守[まも]る,I will protect my little sister; imouto means younger sister.
神[かみ]なんて信[しん]じてないんだよ,I do not believe in god; kami means god.
あいつは俺[おれ]たちの敵[てき]じゃない,he is not our enemy; teki means enemy.
俺[おれ]はずっとお前[まえ]の味方[みかた]だからな,I have always been on your side; mikata means ally.
先輩[せんぱい]、ちょっと聞[き]いてくださいよ,senpai listen to me for a second; senpai means senior.
教室[きょうしつ]には誰[だれ]もいなかったよ,there was nobody in the classroom; kyoushitsu means classroom.
この道[みち]をまっすぐ行[い]けばいいんだ,you just go straight down this road; michi means road.
こんな場所[ばしょ]で何[なに]してんだよ,what are you doing in a place like this; basho means place.
空[そら]を見[み]てみろよ、きれいだろ,look up at the sky it is beautiful; sora means sky.
夏[なつ]になったら海[うみ]に行[い]こうぜ,let us go to the sea when summer comes; umi means sea.
あの山[やま]の向[む]こうに街[まち]があるんだ,there is a town beyond that mountain; yama means mountain.
この火[ひ]、なんとかしないとやばいぞ,we have to do something about this fire; hi means fire.
ちょっと水[みず]を持[も]ってきてくれよ,bring me some water; mizu means water.
今日[きょう]は風[かぜ]が強[つよ]いなあ,the wind is strong today; kaze means wind.
さっきの光[ひかり]、何[なん]だったんだよ,what was that light earlier; hikari means light.
この闇[やみ]の中[なか]じゃ何[なに]も見[み]えない,I cannot see anything in this darkness; yami means darkness.
お金[かね]なんて今[いま]はどうでもいい,money does not matter right now; okane means money.
もう飯[めし]は食[た]べたのかよ,have you eaten yet; meshi means food.
その本[ほん]はもう俺[おれ]の物[もの]だぞ,that book is mine now; hon means book.
車[くるま]で行[い]ったほうが早[はや]いだろ,it is faster to go by car; kuruma means car.
さっき電話[でんわ]したのに出[で]なかっただろ,I called earlier but you did not pick up; denwa means phone.
あいつから手紙[てがみ]が来[き]たんだよ,a letter came from him; tegami means letter.
その服[ふく]、血[ち]だらけじゃねえか,your clothes are covered in blood; fuku means clothes.
仕事[しごと]はもう終[お]わったのかよ,is the work already done; shigoto means work.
そんな事[こと]しても意味[いみ]ないだろ,there is no point in doing that; imi means meaning.
何[なに]か理由[りゆう]があるはずなんだよ,there has to be some reason; riyuu means reason.
そんなの大[たい]した問題[もんだい]じゃないって,that is not a big problem; mondai means problem.
お前[まえ]の気持[きも]ちも分[わ]かるけどさ,I get how you feel; kimochi means feeling.
お前[まえ]、本気[ほんき]で言[い]ってんのかよ,are you saying that seriously; honki means serious intent.
こっちはもう覚悟[かくご]できてるんだよ,I am already prepared for this; kakugo means resolve.
もうこれ以上[いじょう]我慢[がまん]できないって,I cannot take it any longer; gaman means endurance.
お前[まえ]の心配[しんぱい]なんていらないよ,I do not need you worrying about me; shinpai means worry.
そこにいると邪魔[じゃま]なんだよ,you are in the way standing there; jama means obstruction.
もう準備[じゅんび]はできてるんだろ,you are ready already right; junbi means preparation.
時間[じかん]がもうないんだよ,we are out of time; jikan means time.
昔[むかし]の事[こと]はもう話[はな]さない,I will not talk about the past anymore; mukashi means long ago.
未来[みらい]なんて誰[だれ]にも分[わ]からない,nobody knows the future; mirai means future.
この世界[せかい]には敵[てき]しかいないんだ,this world has nothing but enemies; sekai means world.
朝[あさ]まで待[ま]つしかないだろ,we just have to wait until morning; asa means morning.
夜[よる]に一人[ひとり]で外[そと]に出[で]るなよ,do not go outside alone at night; yoru means night.
あの日[ひ]から何[なに]も変[か]わってないな,nothing has changed since that day; hi means day.
その足[あし]、まだ動[うご]くだろ,your legs still move right; ashi means leg.
自分[じぶん]の口[くち]から言[い]えよ,say it with your own mouth; kuchi means mouth.
その話[はなし]、俺[おれ]の耳[みみ]にも入[はい]ってるぞ,that story reached my ears too; mimi means ear.
お前[まえ]の背中[せなか]は俺[おれ]が守[まも]るよ,I will watch your back; senaka means back.
胸[むね]がずっと苦[くる]しいんだよ,my chest keeps aching; mune means chest.
あいつの剣[けん]は本当[ほんとう]に速[はや]いぞ,his sword is really fast; ken means sword.
あの技[わざ]、もう一度[いちど]使[つか]えよ,use that technique one more time; waza means technique.
これは魔法[まほう]なんかじゃないんだよ,this is not magic or anything; mahou means magic.
今度[こんど]こそ絶対[ぜったい]に勝[か]つぞ,this time I am definitely winning; katsu means to win.
こんな奴[やつ]に負[ま]けるわけないだろ,there is no way I lose to this guy; makeru means to lose.
あいつを倒[たお]すまで帰[かえ]らないぞ,I am not going home until I beat him; taosu means to defeat.
そんな事[こと]言[い]ったら殴[なぐ]るぞ,say that and I will punch you; naguru means to punch.
電話[でんわ]、勝手[かって]に切[き]るなよ,do not hang up on me; kiru means to cut.
こんな所[ところ]で引[ひ]くわけにはいかない,I cannot back down here; hiku means to pull.
そのボタンは押[お]すなって言[い]っただろ,I told you not to press that button; osu means to push.
早[はや]くこのドアを開[あ]けろよ,hurry up and open this door; akeru means to open.
後[うし]ろのドア、ちゃんと閉[し]めろよ,close the door behind you properly; shimeru means to close.
今日[きょう]の飯[めし]は俺[おれ]が作[つく]るからさ,I will make today's food; tsukuru means to make.
そんな事[こと]したら全部[ぜんぶ]壊[こわ]すぞ,do that and I will break everything; kowasu means to break.
帰[かえ]りに何[なに]か買[か]うつもりだよ,I am going to buy something on the way back; kau means to buy.
これをあいつに渡[わた]すだけでいいんだ,you just have to hand this to him; watasu means to hand over.
家[いえ]まで送[おく]るからさ、行[い]こうぜ,I will walk you home so let us go; okuru means to send.
俺[おれ]の声[こえ]、まだ届[とど]くかな,I wonder if my voice still reaches you; todoku means to reach.
その車[くるま]に乗[の]るなって言[い]っただろ,I told you not to get in that car; noru means to ride.
もうすぐあの街[まち]に着[つ]くぞ,we will reach that town soon; tsuku means to arrive.
ここからは歩[ある]くしかないな,from here we have to walk; aruku means to walk.
あそこまで飛[と]ぶつもりなのかよ,are you planning to jump all the way there; tobu means to fly.
大事[だいじ]な物[もの]を落[お]とすなよ,do not drop something important; otosu means to drop.
そこに落[お]ちてる物[もの]、拾[ひろ]うなよ,do not pick up the stuff lying there; hirou means to pick up.
その顔[かお]、俺[おれ]に見[み]せてみろよ,show me that face of yours; miseru means to show.
ここからあいつの家[いえ]が見[み]えるぞ,I can see his house from here; mieru means to be visible.
俺[おれ]の声[こえ]、ちゃんと聞[き]こえてるか,can you hear me clearly; kikoeru means to be audible.
少[すこ]しは自分[じぶん]で考[かんが]えろよ,think for yourself a little; kangaeru means to think over.
今[いま]さら迷[まよ]うんじゃねえよ,do not hesitate at this point; mayou means to hesitate.
そんな事[こと]、誰[だれ]が願[ねが]うんだよ,who would ever wish for that; negau means to wish.
あの日[ひ]の事[こと]を思[おも]い出[だ]したんだよ,I remembered what happened that day; omoidasu means to recall.
これ以上[いじょう]仲間[なかま]を失[うしな]うかよ,I am not losing any more comrades; ushinau means to lose.
こんな事[こと]、すぐ慣[な]れるからさ,you will get used to this fast; nareru means to get used to.
もう歩[ある]くのも疲[つか]れたよ,I am too tired to even walk; tsukareru means to get tired.
ちょっとここで休[やす]むしかないな,we have to rest here for a bit; yasumu means to rest.
今[いま]は遊[あそ]ぶ時間[じかん]じゃないだろ,this is not the time to play around; asobu means to play.
お前[まえ]も少[すこ]しは働[はたら]くんだな,so you actually work a little too; hataraku means to work.
あいつに立[た]ち向[む]かうしかないだろ,we have no choice but to face him; tachimukau means to confront.
手伝[てつだ]ってくれないか,will you help me out; tetsudau means to help.
そんなに心配[しんぱい]するなって,don't worry so much; shinpai suru means to worry.
悪[わる]い今日[きょう]はちょっと遅[おく]れるかも,sorry I might be a bit late today; okureru means to be late.
まだ支度[したく]できてないのかよ,are you still not ready; shitaku means getting ready.
食[た]べ物[もの]なら台所[だいどころ]にあるぞ,there is food in the kitchen; tabemono means food.
あの店[みせ]まだ開[あ]いてるかな,is that shop still open; mise means shop.
駅[えき]の前[まえ]で待[ま]ってるからな,I will be waiting in front of the station; eki means station.
電車[でんしゃ]がもう出[で]ちゃうって,the train is about to leave; densha means train.
保健室[ほけんしつ]で寝[ね]てただけだって,I was just sleeping in the nurse's office; hokenshitsu means school infirmary.
部長[ぶちょう]に見[み]つかったらやばいぞ,we are done for if the club president finds us; buchou means club president.
宿題[しゅくだい]まだ終[お]わってないんだ,my homework still is not finished; shukudai means homework.
弁当[べんとう]作[つく]ってきたんだけど,I made you a boxed lunch; bentou means boxed lunch.
屋上[おくじょう]で少[すこ]し話[はな]そうぜ,let us talk a bit on the rooftop; okujou means rooftop.
放課後[ほうかご]に残[のこ]ってろよ,stay behind after school; houkago means after school.
また部活[ぶかつ]サボる気[き]かよ,are you skipping club again; bukatsu means club activity.
兄貴[あにき]にだけは負[ま]けたくない,my big brother is the one guy I refuse to lose to; aniki means older brother.
姉[あね]がまた怒[おこ]ってるんだよ,my older sister is angry again; ane means older sister.
親父[おやじ]にはまだ話[はな]してないんだ,I have not told my old man yet; oyaji means one's father.
恋人[こいびと]でもできたのかよ,did you get yourself a lover; koibito means lover.
今月[こんげつ]の小遣[こづか]いもう使[つか]った,I already spent this month's allowance; kozukai means pocket money.
もう出[で]かけるから早[はや]くしろって,we are heading out so hurry up; dekakeru means to go out.
これ以上[いじょう]隠[かく]すのはやめろ,stop hiding it any longer; kakusu means to hide something.
早[はや]く隠[かく]れろって言[い]ってるだろ,I am telling you to hide fast; kakureru means to hide oneself.
素直[すなお]に謝[あやま]るしかないぞ,you just have to apologize honestly; ayamaru means to apologize.
今度[こんど]あいつも誘[さそ]うつもりだ,I plan to invite him too next time; sasou means to invite.
あんな誘[さそ]いは断[ことわ]るよ,I will turn down an invitation like that; kotowaru means to refuse.
そんなに泣[な]かれると困[こま]るんだよ,it troubles me when you cry like that; komaru means to be troubled.
そんなに焦[あせ]るなって言[い]っただろ,I told you not to panic; aseru means to get flustered.
今夜[こんや]うちに集[あつ]まるか,want to get together at my place tonight; atsumaru means to gather.
あいつばっかり頼[たよ]るなよ,do not rely only on him; tayoru means to rely on.
ここは俺[おれ]に任[まか]せて先[さき]に行[い]け,leave this to me and go ahead; makaseru means to entrust.
邪魔[じゃま]するならあっち行[い]ってろ,if you are going to get in the way then leave; jama suru means to get in the way.
これ以上[いじょう]我慢[がまん]できないんだよ,I cannot put up with this anymore; gaman suru means to endure.
ちょっと落[お]ち着[つ]けって,calm down for a second; ochitsuku means to calm down.
宿題[しゅくだい]なら先[さき]に済[す]ませたよ,I got the homework out of the way first; sumaseru means to finish off.
毎日[まいにち]同[おな]じ飯[めし]じゃ飽[あ]きるって,the same food every day gets old; akiru means to get sick of.
駅[えき]の前[まえ]であいつを見[み]かけたぞ,I spotted him in front of the station; mikakeru means to catch sight of.
こんな時間[じかん]に電話[でんわ]が鳴[な]るなんて,a phone ringing at an hour like this; naru means to ring.
駅[えき]まで迎[むか]えに行[い]ってやるよ,I will go pick you up at the station; mukaeru means to go meet someone.
これ明日[あした]までに届[とど]けてくれよ,get this delivered by tomorrow; todokeru means to deliver.
そんなに強[つよ]く叩[たた]くなよ,do not hit it that hard; tataku means to hit.
動[うご]くなら蹴[け]るぞ,if you move I will kick you; keru means to kick.
走[はし]ってると転[ころ]ぶぞ,you will trip if you keep running; korobu means to fall over.
あいつが倒[たお]れたぞ早[はや]く来[こ]い,he collapsed so get over here; taoreru means to collapse.
まだ立[た]ち上[あ]がれるはずだろ,you should still be able to stand up; tachiagaru means to stand up.
ゆっくり振[ふ]り向[む]いてみろよ,turn around slowly and look; furimuku means to turn around.
逃[に]げる前[まえ]に追[お]いかけるぞ,we chase him before he escapes; oikakeru means to chase.
泣[な]いてる子[こ]を抱[だ]きしめてやれ,hug the crying kid; dakishimeru means to hug tightly.
何[なに]も言[い]わずに頷[うなず]くなよ,do not just nod without saying anything; unazuku means to nod.
何[なに]か呟[つぶや]くのが聞[き]こえた,I heard him mutter something; tsubuyaku means to mutter.
そんなに怒鳴[どな]るなよ怖[こわ]いだろ,do not yell like that it is scary; donaru means to yell.
たまには甘[あま]えてもいいんだぞ,you can lean on me once in a while; amaeru means to depend on someone.
ここは俺[おれ]が譲[ゆず]るしかないな,I guess I am the one who gives in; yuzuru means to yield.
お前[まえ]の命[いのち]を賭[か]けられるか,can you bet your life on it; kakeru means to bet.
中[なか]を覗[のぞ]くのはやめとけ,stop peeking inside; nozoku means to peek.
お前[まえ]がそこで見張[みは]ってろ,you keep watch over there; miharu means to keep watch.
人[ひと]の名前[なまえ]を間違[まちが]えるなって,do not get people's names wrong; machigaeru means to get something wrong.
それはただの勘違[かんちが]いだって,that is just a mistaken idea; kanchigai means a misunderstanding.
あいつに誤解[ごかい]されたままなんだ,he still has me all wrong; gokai suru means to misunderstand.
人[ひと]の目[め]なんか気[き]にするなよ,do not mind what people think; ki ni suru means to worry about.
一度[いちど]ちゃんと相談[そうだん]しろよ,talk it over with someone properly; soudan suru means to consult.
お前[まえ]の世話[せわ]なんかしないぞ,I am not going to look after you; sewa suru means to take care of.
これで仲直[なかなお]りできるといいな,I hope this lets us make up; nakanaori means reconciliation.
また兄[あに]と喧嘩[けんか]したのか,did you fight with your brother again; kenka means a quarrel.
明日[あした]告白[こくはく]するつもりなんだ,I am going to confess tomorrow; kokuhaku means a confession.
これが恋[こい]ってやつなのかな,so this is what love is; koi means romantic love.
あいつとはもう別[わか]れたよ,I already broke up with him; wakareru means to part.
お前[まえ]と結婚[けっこん]する気[き]はない,I have no intention of marrying you; kekkon means marriage.
こいつは俺[おれ]の幼馴染[おさななじみ]なんだ,this guy is my childhood friend; osananajimi means childhood friend.
彼女[かのじょ]ができたって本当[ほんとう]かよ,is it true you got a girlfriend; kanojo means girlfriend.
彼氏[かれし]の前[まえ]でも同[おな]じこと言[い]えよ,say the same thing in front of your boyfriend; kareshi means boyfriend.
弟[おとうと]にはまだ言[い]うなよ,do not tell my little brother yet; otouto means younger brother.
姉貴[あねき]がうるさくて困[こま]るんだよ,my big sister is loud and it is a pain; aneki means older sister.
父[ちち]の顔[かお]はもう覚[おぼ]えてない,I do not remember my father's face anymore; chichi means father.
母[はは]にだけは知[し]られたくない,my mother is the one person I do not want finding out; haha means mother.
息子[むすこ]はもう死[し]んだんだよ,my son is already dead; musuko means son.
娘[むすめ]には手[て]を出[だ]すな,do not lay a hand on my daughter; musume means daughter.
うちの生徒[せいと]に何[なに]をした,what did you do to our student; seito means pupil.
後輩[こうはい]の前[まえ]で泣[な]くなよ,do not cry in front of your juniors; kouhai means a junior student.
委員長[いいんちょう]なら知[し]ってるはずだ,the class rep should know; iinchou means class representative.
その制服[せいふく]どこの学校[がっこう]だよ,which school is that uniform from; seifuku means uniform.
試験[しけん]なんてどうにでもなるって,the exams will work out somehow; shiken means examination.
成績[せいせき]なんか気[き]にしてないよ,I do not care about my grades; seiseki means grades.
転校[てんこう]するなんて聞[き]いてないぞ,nobody told me you were transferring schools; tenkou means a school transfer.
卒業[そつぎょう]までにちゃんと言[い]うよ,I will tell you properly before graduation; sotsugyou means graduation.
入学[にゅうがく]した日[ひ]のこと覚[おぼ]えてるか,do you remember the day we enrolled; nyuugaku means entering a school.
授業[じゅぎょう]中[ちゅう]に寝[ね]てただろ,you were sleeping during class; jugyou means a class.
体育[たいいく]の後[あと]は動[うご]けない,I cannot move after gym class; taiiku means physical education.
文化祭[ぶんかさい]で何[なに]やるか決[き]めろ,decide what we are doing for the culture festival; bunkasai means culture festival.
廊下[ろうか]で走[はし]るなって言[い]ってるだろ,I keep telling you not to run in the hallway; rouka means hallway.
近所[きんじょ]の人[ひと]に見[み]られたらまずい,it is bad if the neighbors see us; kinjo means the neighborhood.
公園[こうえん]でずっと待[ま]ってたんだぞ,I was waiting at the park the whole time; kouen means park.
早[はや]く病院[びょういん]に行[い]けって,just get to the hospital already; byouin means hospital.
台所[だいどころ]から変[へん]な音[おと]がする,there is a strange noise from the kitchen; daidokoro means kitchen.
風呂[ふろ]くらい先[さき]に入[はい]れよ,at least take a bath first; furo means bath.
布団[ふとん]から出[で]たくないんだよ,I do not want to get out of my futon; futon means bedding.
携帯[けいたい]どこに置[お]いたんだよ,where did you put your phone; keitai means mobile phone.
あいつからの着信[ちゃくしん]が止[と]まらない,the calls from him will not stop; chakushin means an incoming call.
財布[さいふ]の中[なか]はもう空[から]なんだ,my wallet is already empty; saifu means wallet.
鞄[かばん]の中[なか]まで見[み]るなよ,do not go looking inside my bag; kaban means bag.
たまには私服[しふく]で来[こ]いよ,show up in normal clothes once in a while; shifuku means casual clothes.
買[か]い物[もの]なら一緒[いっしょ]に行[い]くよ,I will go with you if it is shopping; kaimono means shopping.
店長[てんちょう]にまた怒[おこ]られるって,the manager is going to yell at me again; tenchou means shop manager.
明日[あした]の予定[よてい]はもう決[き]めた,I already decided tomorrow's plans; yotei means plan.
腕[うで]を掴[つか]まれて動[うご]けない,he has my arm and I cannot move; ude means arm.
指[ゆび]を切[き]ったくらいで泣[な]くなよ,do not cry over a cut finger; yubi means finger.
首[くび]が痛[いた]くて上[うえ]を向[む]けない,my neck hurts and I cannot look up; kubi means neck.
膝[ひざ]を怪我[けが]したのに走[はし]る気[き]かよ,you hurt your knee and still plan to run; hiza means knee.
肩[かた]を掴[つか]まれて振[ふ]り向[む]いた,he grabbed my shoulder and I turned around; kata means shoulder.
髪[かみ]を切[き]ったのに気[き]づかないのかよ,I cut my hair and you did not even notice; kami means hair.
汗[あせ]をかいたまま寝[ね]るなよ,do not go to sleep covered in sweat; ase means sweat.
その傷[きず]どこでつけたんだよ,where did you get that wound; kizu means wound.
怪我[けが]してるくせに戦[たたか]う気[き]かよ,you are hurt and still want to fight; kega means injury.
熱[ねつ]があるなら休[やす]んでろよ,if you have a fever then rest; netsu means fever.
息[いき]が上[あ]がってるぞ大丈夫[だいじょうぶ]か,you are out of breath are you okay; iki means breath.
腹[はら]が減[へ]って動[うご]けないんだよ,I am too hungry to move; hara means belly.
眠気[ねむけ]がやばいんだって,the sleepiness is killing me; nemuke means drowsiness.
その咳[せき]大丈夫[だいじょうぶ]なのかよ,is that cough of yours okay; seki means a cough.
お前[まえ]の笑顔[えがお]が見[み]たいだけだ,I just want to see your smile; egao means a smiling face.
あんな悲鳴[ひめい]初[はじ]めて聞[き]いたぞ,I have never heard a scream like that; himei means a scream.
変[へん]な噂[うわさ]は信[しん]じるなよ,do not believe the weird rumors; uwasa means rumor.
二人[ふたり]だけの秘密[ひみつ]にしとけ,keep it a secret between the two of us; himitsu means secret.
今日[きょう]は用事[ようじ]があるんだって,I have something to take care of today; youji means an errand.
隣[となり]の席[せき]が空[あ]いてるぞ,the seat next to me is free; tonari means next to.
番号[ばんごう]はもう変[か]えたんだよ,I already changed my number; bangou means number.
そこは俺[おれ]の席[せき]なんだけど,that happens to be my seat; seki means seat.
鍵[かぎ]をかけるのを忘[わす]れるなよ,do not forget to lock it; kagi means key.
荷物[にもつ]は俺[おれ]が持[も]つよ,I will carry the bags; nimotsu means luggage.
傘[かさ]がないなら入[はい]れよ,get under my umbrella if you have none; kasa means umbrella.
靴[くつ]くらい自分[じぶん]で買[か]えって,buy your own shoes at least; kutsu means shoes.
その帽子[ぼうし]は誰[だれ]のなんだよ,whose hat is that; boushi means hat.
眼鏡[めがね]がないと何[なに]も見[み]えない,I cannot see a thing without my glasses; megane means glasses.
この写真[しゃしん]どこで撮[と]ったんだ,where was this photo taken; shashin means photograph.
薬[くすり]をちゃんと飲[の]めって,take your medicine properly; kusuri means medicine.
医者[いしゃ]に見[み]せたほうがいいぞ,you should have a doctor look at it; isha means doctor.
風邪[かぜ]くらいで学校[がっこう]休[やす]むなよ,do not skip school over a little cold; kaze means a cold.
うちの犬[いぬ]がまた逃[に]げたんだ,our dog ran off again; inu means dog.
猫[ねこ]みたいな目[め]をしてるな,you have eyes like a cat; neko means cat.
雨[あめ]が止[や]むまで待[ま]とうぜ,let us wait until the rain stops; ame means rain.
雪[ゆき]の中[なか]をずっと走[はし]ってきた,I ran the whole way through the snow; yuki means snow.
明日[あした]の天気[てんき]どうなんだろうな,I wonder how the weather is tomorrow; tenki means weather.
台風[たいふう]が来[く]るなら早[はや]く帰[かえ]れ,go home early if a typhoon is coming; taifuu means typhoon.
桜[さくら]がもう散[ち]っちまったな,the cherry blossoms have already fallen; sakura means cherry blossom.
冬[ふゆ]になる前[まえ]に会[あ]いに行[い]くよ,I will come see you before winter; fuyu means winter.
この町[まち]から出[で]ていくつもりか,are you planning to leave this town; machi means town.
祭[まつ]りの夜[よる]に会[あ]おうぜ,let us meet on the night of the festival; matsuri means festival.
花火[はなび]が上[あ]がる前[まえ]に戻[もど]れよ,get back before the fireworks go up; hanabi means fireworks.
誕生日[たんじょうび]なんて覚[おぼ]えてないだろ,you do not even remember my birthday; tanjoubi means birthday.
夏休[なつやす]みが終[お]わっちまうぞ,summer break is about to end; natsuyasumi means summer vacation.
週末[しゅうまつ]は空[あ]いてるのかよ,are you free this weekend; shuumatsu means weekend.
デートくらい誘[さそ]えよ,at least ask me out on a date; deeto means a date.
バイトばっかりで会[あ]えないな,your part time job keeps us from meeting; baito means a part time job.
終電[しゅうでん]までまだ時間[じかん]あるだろ,there is still time before the last train; shuuden means the last train.
そろそろ急[いそ]ぐぞ置[お]いてくからな,we are hurrying now or I leave you behind; isogu means to hurry.
ここに並[なら]ぶしかないみたいだな,looks like we just have to line up here; narabu means to line up.
早[はや]く靴[くつ]を履[は]くんだよ,hurry up and put your shoes on; haku means to put on footwear.
次[つぎ]の道[みち]を右[みぎ]に曲[ま]がるんだ,turn right at the next street; magaru means to turn.
後[うし]ろから急[きゅう]に呼[よ]び止[と]めるなよ,do not call out and stop me from behind; yobitomeru means to call someone to a halt.
ちゃんと答[こた]えてくれないか,can you give me a real answer; kotaeru means to answer.
そんな顔[かお]で話[はな]しかけるなよ,do not talk to me with a face like that; hanashikakeru means to speak to someone.
今[いま]からピアノでも習[なら]うつもりかよ,are you going to start learning piano now; narau means to learn.
毎日[まいにち]電車[でんしゃ]で通[かよ]うのは疲[つか]れる,commuting by train every day wears me out; kayou means to commute.
お金[かね]を借[か]りるのはもうやめとけ,stop borrowing money already; kariru means to borrow.
借[か]りた物[もの]は返[かえ]すもんだろ,you give back what you borrow; kaesu means to give back.
明日[あした]まで貸[か]すだけだからな,I am only lending it until tomorrow; kasu means to lend.
あいつをうまく誘[さそ]い出[だ]すしかない,our only move is to lure him out; sasoidasu means to lure out.
子供[こども]をそんなに叱[しか]るなよ,do not scold the kid like that; shikaru means to scold.
自分[じぶん]の弱[よわ]さを認[みと]めろよ,admit your own weakness; mitomeru means to admit.
明日[あした]の試合[しあい]は応援[おうえん]するからな,I will be cheering for you at tomorrow's match; ouen suru means to cheer on.
大会[たいかい]まであと少[すこ]ししかないぞ,there is hardly any time left before the tournament; taikai means tournament.
試合[しあい]までもう時間[じかん]がない,there is barely any time before the match; shiai means a match.
毎日[まいにち]練習[れんしゅう]するしかないんだ,all you can do is practice every day; renshuu suru means to practice.
勉強[べんきょう]なんて後[あと]でいいだろ,studying can wait; benkyou suru means to study.
部屋[へや]の掃除[そうじ]くらいしろよ,at least clean your room; souji suru means to clean.
今日[きょう]の料理[りょうり]は俺[おれ]が作[つく]る,I am cooking today; ryouri means cooking.
帰[かえ]ったらすぐ手[て]を洗[あら]うんだぞ,wash your hands as soon as you get back; arau means to wash.
今夜[こんや]はうちに泊[と]まるか,want to stay over at my place tonight; tomaru means to stay overnight.
また遅刻[ちこく]するつもりかよ,are you planning to be late again; chikoku suru means to be late.
またコップを割[わ]るつもりかよ,are you about to break another cup; waru means to break.
汗[あせ]くらいちゃんと拭[ふ]くんだぞ,at least wipe your sweat off properly; fuku means to wipe.
弁当[べんとう]にちゃんと詰[つ]めてきたぞ,I packed it into the lunch box properly; tsumeru means to pack.
そんなところに貼[は]るなって,do not stick it up in a place like that; haru means to stick on.
暑[あつ]いなら帽子[ぼうし]を被[かぶ]るんだよ,wear a hat if it is hot; kaburu means to wear on the head.
この時間[じかん]は電車[でんしゃ]が混[こ]むぞ,the trains get packed at this hour; komu means to get crowded.
俺[おれ]と付[つ]き合[あ]ってくれないか,will you go out with me; tsukiau means to date someone.
学校[がっこう]の前[まえ]で待[ま]ち合[あ]わせるか,shall we meet up in front of the school; machiawaseru means to arrange to meet.
そんな顔[かお]されると悩[なや]むだろ,when you make that face it makes me agonize; nayamu means to agonize.
人[ひと]の話[はなし]に割[わ]り込[こ]むなよ,do not butt into other people's talk; warikomu means to cut in.
そんなに慌[あわ]てるなって,do not get so flustered; awateru means to be in a rush.
お前[まえ]らいつまで騒[さわ]ぐつもりだ,how long are you all going to make noise; sawagu means to make a racket.
やる気[き]があるなら見[み]せてみろよ,if you have the drive then show it; yaruki means motivation.
勇気[ゆうき]を出[だ]して言[い]ってみろよ,work up the courage and say it; yuuki means courage.
そんな自信[じしん]どこから来[く]るんだよ,where does that confidence come from; jishin means confidence.
今日[きょう]は機嫌[きげん]がいいじゃないか,you are in a good temper today; kigen means someone's temper.
気分[きぶん]が悪[わる]いなら休[やす]めって,if you feel sick then rest; kibun means mood.
お前[まえ]に迷惑[めいわく]はかけたくない,I do not want to be a burden on you; meiwaku means trouble caused to others.
全部[ぜんぶ]俺[おれ]の責任[せきにん]なんだよ,it is all my responsibility; sekinin means responsibility.
そっちの都合[つごう]なんて知[し]らないよ,your circumstances are not my problem; tsugou means circumstances.
冗談[じょうだん]で言[い]ってるんじゃないぞ,I am not saying this as a joke; joudan means a joke.
返事[へんじ]くらいちゃんとしろよ,at least give me a proper reply; henji means a reply.
お前[まえ]、本当[ほんとう]に熱意[ねつい]があんのかよ,do you really have any enthusiasm; netsui means enthusiasm.
自分[じぶん]のことは自分[じぶん]で決[き]めるよ,I decide my own business myself; jibun means oneself.
努力[どりょく]だけは誰[だれ]にも負[ま]けないよ,I will not lose to anyone in effort; doryoku means effort.
見[み]ただけで決[き]めつけるなって,do not judge just from a glance; kimetsukeru means to jump to conclusions.
お前[まえ]を巻[ま]き込[こ]みたくないんだよ,I do not want to drag you into this; makikomu means to involve.
相手[あいて]の目[め]を見[み]て話[はな]せよ,look the other person in the eye and talk; aite means the other party.
自分[じぶん]の考[かんが]えを押[お]し付[つ]けるなよ,do not force your own ideas on me; oshitsukeru means to force on someone.
そんな問題[もんだい]一人[ひとり]で抱[かか]え込[こ]むなよ,do not shoulder a problem like that alone; kakaekomu means to shoulder alone.
そこで開[ひら]き直[なお]るのはずるいだろ,turning defiant at that point is unfair; hirakinaoru means to turn defiant.
これからもずっとそばに寄[よ]り添[そ]いますよ,I will stay close beside you from now on too; yorisou means to stay close beside.
別[べつ]に親[おや]に逆[さか]らうつもりはないよ,it is not like I mean to defy my parents; sakarau means to defy.
そこまで俺[おれ]を疑[うたが]うのかよ,do you doubt me that much; utagau means to doubt.
今[いま]は何[なに]もする気力[きりょく]がない,I have no willpower to do anything now; kiryoku means willpower.
仕事[しごと]だと割[わ]り切[き]ればいいだろ,just treat it as work and move on; warikiru means to compartmentalize.
こんなことで自分[じぶん]を見失[みうしな]うなよ,do not lose sight of yourself over this; miushinau means to lose sight of.
これ以上[いじょう]お前[まえ]の負担[ふたん]になりたくない,I do not want to be a burden on you any longer; futan means burden.
どうして俺[おれ]たちを裏切[うらぎ]ったんだよ,why did you betray us; uragiru means to betray.
お前[まえ]の評価[ひょうか]なんて気[き]にしてないよ,I do not care about your assessment; hyouka means evaluation.
お前[まえ]も真実[しんじつ]を知[し]るべきだ,you should know the truth too; shinjitsu means truth.
今[いま]ここで立[た]ち止[と]まるわけにはいかない,I cannot afford to stop here; tachidomaru means to come to a halt.
あの日[ひ]の記憶[きおく]だけがないんだ,only the memory of that day is missing; kioku means memory.
過去[かこ]の話[はなし]はもうやめようぜ,let us drop talk about the past; kako means the past.
これも運命[うんめい]ってやつなのかな,maybe this is what they call fate; unmei means fate.
そろそろ現実[げんじつ]を見[み]ろよ,it is about time you faced reality; genjitsu means reality.
お前[まえ]を傷[きず]つけるつもりはなかった,I never meant to hurt you; kizutsukeru means to hurt someone.
あんな言[い]い方[かた]じゃ傷[きず]つくだろ,anyone would get hurt spoken to like that; kizutsuku means to get hurt.
感情[かんじょう]で動[うご]くなって言[い]っただろ,I told you not to act on emotion; kanjou means emotion.
たまには本音[ほんね]で話[はな]そうよ,let us talk with real feelings once in a while; honne means true feelings.
俺[おれ]がそばで支[ささ]えてやるからさ,I will support you right beside you; sasaeru means to support.
この悔[くや]しさは絶対[ぜったい]に忘[わす]れない,I will never forget this frustration; kuyashisa means frustration.
今[いま]さら後悔[こうかい]しても遅[おそ]いぞ,it is too late to regret it now; koukai means regret.
まだ希望[きぼう]は残[のこ]ってるはずだ,there should still be hope left; kibou means hope.
絶望[ぜつぼう]するにはまだ早[はや]いって,it is way too early to despair; zetsubou means despair.
あいつの目[め]には恐怖[きょうふ]があった,there was fear in his eyes; kyoufu means fear.
不安[ふあん]なら俺[おれ]がそばにいるよ,if you feel uneasy I will stay near; fuan means unease.
仲間[なかま]を見捨[みす]てるわけないだろ,as if I would abandon a comrade; misuteru means to abandon.
俺[おれ]の決意[けつい]は変[か]わらないぞ,my determination will not change; ketsui means determination.
お前[まえ]の理想[りそう]は高[たか]すぎるんだよ,your ideals are set too high; risou means ideal.
お前[まえ]の存在[そんざい]が俺[おれ]を変[か]えたんだ,your existence changed me; sonzai means existence.
俺[おれ]の立場[たちば]も少[すこ]しは考[かんが]えろよ,give a little thought to my position too; tachiba means standpoint.
そんなに自分[じぶん]を責[せ]めるなって,do not blame yourself so much; semeru means to blame.
恨[うら]むなら俺[おれ]だけを恨[うら]めよ,if you must resent someone resent only me; uramu means to resent.
俺[おれ]はお前[まえ]を信頼[しんらい]してるんだ,I trust you; shinrai means trust.
これはただの誤解[ごかい]だって言[い]ってる,I keep telling you this is just a misunderstanding; gokai means misunderstanding.
あんまり期待[きたい]させるなよな,do not raise my hopes too much; kitai suru means to expect.
あいつの性格[せいかく]は昔[むかし]から変[か]わらない,his personality has not changed since long ago; seikaku means personality.
その態度[たいど]はさすがにないだろ,that attitude is really out of line; taido means attitude.
お前[まえ]さっきすごい表情[ひょうじょう]してたぞ,you made an incredible face earlier; hyoujou means facial expression.
話[はな]してる時[とき]に目[め]を逸[そ]らすなって,do not look away while we are talking; me wo sorasu means to avert one's eyes.
この部屋[へや]の雰囲気[ふんいき]なんか変[へん]だぞ,the atmosphere of this room is somehow off; funiki means atmosphere.
そんなに緊張[きんちょう]しなくていいって,you really do not need to be so tense; kinchou means nervous tension.
こんな時[とき]に油断[ゆだん]するなよ,do not drop your guard at a time like this; yudan means carelessness.
もう迷[まよ]いはないって顔[かお]してるな,your face says you have no hesitation left; mayoi means hesitation.
悩[なや]みがあるなら言[い]えばいいのに,if you have a worry you should just say it; nayami means worry.
お前[まえ]の焦[あせ]りが顔[かお]に出[で]てるぞ,your impatience is showing on your face; aseri means impatience.
意地[いじ]を張[は]るのはもうやめろよ,stop being so stubborn already; iji means stubborn pride.
そんなのただの甘[あま]えじゃないのか,is that not just spoiled dependence; amae means dependence on others.
まだ未練[みれん]が残[のこ]ってるんだろ,you still have lingering attachment right; miren means lingering attachment.
罪悪感[ざいあくかん]で眠[ねむ]れなかったんだよ,guilt kept me from sleeping; zaiakukan means guilt.
お前[まえ]はもう孤独[こどく]じゃないんだ,you are not alone anymore; kodoku means loneliness.
憎[にく]しみだけじゃ何[なに]も変[か]わらない,hatred alone changes nothing; nikushimi means hatred.
その怒[いか]りを俺[おれ]にぶつけろよ,throw that anger at me; ikari means anger.
あいつの悲[かな]しみは俺[おれ]にも分[わ]かる,I understand his sorrow too; kanashimi means sorrow.
お前[まえ]の喜[よろこ]びは俺[おれ]の喜[よろこ]びだ,your joy is my joy; yorokobi means joy.
その優[やさ]しさに何度[なんど]も助[たす]けられた,your kindness saved me many times; yasashisa means kindness.
人[ひと]は誰[だれ]でも弱[よわ]さを持[も]ってる,every person carries weakness; yowasa means weakness.
本当[ほんとう]の強[つよ]さって何[なん]だと思[おも]う,what do you think real strength is; tsuyosa means strength.
こいつの正体[しょうたい]をまだ知[し]らないのか,do you still not know his true identity; shoutai means true identity.
ここが俺[おれ]の居場所[いばしょ]なんだよ,this is where I belong; ibasho means the place one belongs.
それが俺[おれ]の役目[やくめ]だと思[おも]ってる,I believe that is my role; yakume means role.
お前[まえ]には使命[しめい]があるんだろ,you have a mission do you not; shimei means mission.
お前[まえ]の目標[もくひょう]はそんなもんかよ,is that all your goal amounts to; mokuhyou means goal.
俺[おれ]なんかにそんな価値[かち]はないよ,someone like me has no such value; kachi means value.
才能[さいのう]だけで勝[か]てると思[おも]うなよ,do not think talent alone wins; sainou means talent.
今[いま]の実力[じつりょく]じゃまだ足[た]りない,your current ability is still not enough; jitsuryoku means real ability.
もう体[からだ]が限界[げんかい]なんだって,my body is already at its limit; genkai means limit.
お前[まえ]も少[すこ]しは成長[せいちょう]したな,you have grown up a little; seichou means growth.
こんな小[ちい]さな変化[へんか]でも嬉[うれ]しいんだ,even a change this small makes me happy; henka means change.
その選択[せんたく]を後悔[こうかい]するなよ,do not regret that choice; sentaku means choice.
あいつの覚醒[かくせい]はまだこれからだ,his awakening is still to come; kakusei means awakening.
知[し]らないってずっと言[い]い張[は]るのかよ,are you going to keep insisting you know nothing; iiharu means to insist.
これじゃ俺[おれ]の面目[めんぼく]が立[た]たないだろ,this leaves me with no face at all; menboku means face or honor.
あの店[みせ]の評判[ひょうばん]は悪[わる]くないよ,that shop has a decent reputation; hyouban means reputation.
最近[さいきん]少[すこ]し距離[きょり]を感[かん]じます,lately I feel a little distance between us; kyori means distance.
俺[おれ]たちの関係[かんけい]ってなんなんだよ,what even is this relationship of ours; kankei means relationship.
あの二人[ふたり]は昔[むかし]から仲[なか]がいい,those two have been close for ages; naka means terms between people.
俺[おれ]たちの絆[きずな]はそんなに弱[よわ]くない,our bond is not that weak; kizuna means bond.
お前[まえ]とは変[へん]な縁[えん]があるよな,you and I have a strange connection; en means fateful connection.
あの時[とき]の恩[おん]は忘[わす]れてないよ,I have not forgotten what you did for me then; on means debt of gratitude.
これで借[か]りは返[かえ]したからな,with this I have paid you back; kari means a debt owed.
今日[きょう]のは貸[か]しにしとくからな,I will count today as a favor you owe me; kashi means a favor lent.
誰[だれ]かの犠牲[ぎせい]の上[うえ]に立[た]つのか,will you stand on someone else's sacrifice; gisei means sacrifice.
今[いま]さら謝罪[しゃざい]なんていらないって,I do not need an apology at this point; shazai means apology.
そろそろ二人[ふたり]で和解[わかい]しろよ,you two should make peace soon; wakai means reconciliation.
別[わか]れの時[とき]くらい笑[わら]えよ,at least smile when we part; wakare means parting.
こんな形[かたち]で再会[さいかい]するなんて驚[おどろ]きました,I am amazed we meet again like this; saikai means reunion.
あいつは俺[おれ]のたった一人[ひとり]の親友[しんゆう]だ,he is my one and only best friend; shinyuu means best friend.
あいつは敵[てき]じゃなくてライバルなんだ,he is not an enemy he is a rival; raibaru means rival.
ずっと片思[かたおも]いのままでいいのかよ,are you fine staying in one-sided love forever; kataomoi means unrequited love.
それってただの嫉妬[しっと]じゃないの,is that not just jealousy; shitto means jealousy.
失恋[しつれん]くらいで死[し]ぬなよ,do not act like heartbreak will kill you; shitsuren means heartbreak.
復讐[ふくしゅう]しても何[なに]も戻[もど]らないぞ,revenge will not bring anything back; fukushuu means revenge.
文句[もんく]があるなら直接[ちょくせつ]言[い]えよ,if you have a complaint say it to my face; monku means complaint.
そんな言[い]い訳[わけ]は聞[き]きたくない,I do not want to hear that excuse; iiwake means excuse.
人[ひと]の悪口[わるぐち]ばっかり言[い]うなよ,quit badmouthing people all the time; waruguchi means bad-mouthing.
こんなの仕返[しかえ]しにもならないよ,this does not even count as payback; shikaeshi means payback.
ここで勝負[しょうぶ]を決[き]めてやるよ,I will settle the match right here; shoubu means showdown.
いつかあいつと対決[たいけつ]する日[ひ]が来[く]る,the day I face him will come; taiketsu means confrontation.
何度[なんど]でも挑戦[ちょうせん]すればいいだろ,just challenge it as many times as it takes; chousen means challenge.
今日[きょう]こそ決着[けっちゃく]をつけようぜ,today we settle this for good; kecchaku means settlement.
遠[とお]くから見守[みまも]ってるからな,I will be watching over you from afar; mimamoru means to watch over.
なんであんな奴[やつ]を庇[かば]うんだよ,why are you covering for a guy like that; kabau means to shield someone.
他人[たにん]を妬[ねた]むのはもうやめろ,stop envying other people; netamu means to envy.
昔[むかし]はあいつに憧[あこが]れてたんだよ,I used to look up to him; akogareru means to admire.
私[わたし]はあなたを心[こころ]から尊敬[そんけい]しています,I respect you from the bottom of my heart; sonkei suru means to respect.
そうやって人[ひと]を見下[みくだ]すなよ,do not look down on people like that; mikudasu means to look down on.
お前[まえ]のことちょっと見直[みなお]したよ,I think a bit better of you now; minaosu means to reassess favorably.
あいつに惚[ほ]れちゃったってわけか,so you went and fell for him; horeru means to fall for someone.
理由[りゆう]もなく人[ひと]を嫌[きら]うなよ,do not dislike people for no reason; kirau means to dislike.
最近[さいきん]俺[おれ]のこと避[さ]けてるだろ,you have been avoiding me lately; sakeru means to avoid.
あいつが立[た]ち直[なお]るまで待[ま]とうぜ,let us wait until he gets back on his feet; tachinaoru means to recover emotionally.
二人[ふたり]でなら乗[の]り越[こ]えられるって,the two of us can get through it; norikoeru means to overcome.
その現実[げんじつ]を受[う]け入[い]れるしかない,we have no choice but to accept that reality; ukeireru means to accept.
誰[だれ]かに打[う]ち明[あ]けたほうが楽[らく]だぞ,you will feel lighter if you confide in someone; uchiakeru means to confide.
明日[あした]こそ告白[こくはく]するって決[き]めた,I decided to confess tomorrow for sure; kokuhaku suru means to confess love.
そこまで否定[ひてい]しなくてもいいだろ,you do not have to deny it that hard; hitei suru means to deny.
あいつを説得[せっとく]するのは無理[むり]だよ,persuading him is impossible; settoku suru means to persuade.
もう二度[にど]と逃[に]げないと誓[ちか]うよ,I swear I will never run again; chikau means to swear.
大丈夫[だいじょうぶ]だって自分[じぶん]に言[い]い聞[き]かせてた,I kept telling myself it would be fine; iikikaseru means to tell oneself.
うまくいくように祈[いの]るしかないな,all we can do is pray it goes well; inoru means to pray.
そんな言葉[ことば]で慰[なぐさ]めないでください,please do not console me with words like that; nagusameru means to console.
みんなであいつを励[はげ]ましてやろうぜ,let us all cheer him up; hagemasu means to encourage.
そんなに人[ひと]に依存[いぞん]するなって,do not lean on people that much; izon suru means to depend on.
今[いま]はこれに打[う]ち込[こ]むしかないんだ,right now I can only throw myself into this; uchikomu means to devote oneself.
俺[おれ]たちの仲[なか]で遠慮[えんりょ]するなって,no holding back between us; enryo suru means to hold back politely.
さっきから無視[むし]するのやめてくれよ,quit ignoring me already; mushi suru means to ignore.
笑[わら]って誤魔化[ごまか]すのはもうやめろ,stop laughing it off; gomakasu means to gloss over.
お前[まえ]の嘘[うそ]なんてすぐ見抜[みぬ]けるよ,I can see through your lies instantly; minuku means to see through.
あんな悪口[わるぐち]は聞[き]き流[なが]せばいい,just let trash talk like that go past you; kikinagasu means to let pass unheeded.
そこまで言[い]い切[き]るなら信[しん]じるよ,if you assert it that firmly I will believe you; iikiru means to assert firmly.
終[お]わった話[はなし]を蒸[む]し返[かえ]すなよ,do not rehash a matter that is over; mushikaesu means to rehash.
いちいちあいつと張[は]り合[あ]うなって,stop competing with him over every little thing; hariau means to vie with.
そんなに睨[にら]むなよ怖[こわ]いから,do not glare at me like that it is scary; niramu means to glare.
あいつが珍[めずら]しく微笑[ほほえ]んだんだ,he smiled which is rare for him; hohoemu means to smile softly.
そんなことで動揺[どうよう]してんじゃねえよ,do not get rattled over something like that; douyou suru means to be shaken.
たまには素直[すなお]に褒[ほ]めてやれよ,praise him honestly once in a while; homeru means to praise.
ちょっと褒[ほ]められたくらいで照[て]れるなよ,do not get shy over a little praise; tereru means to feel shy.
さっきから手[て]が震[ふる]えてるじゃんか,your hands have been shaking this whole time; furueru means to tremble.
お前[まえ]のバカさには呆[あき]れるよ,your stupidity leaves me speechless; akireru means to be dumbfounded.
一人[ひとり]で苦[くる]しむのはもうやめろって,stop suffering by yourself; kurushimu means to suffer.
ここは耐[た]えるしかないんだよ,we can only endure here; taeru means to endure.
そんなに落[お]ち込[こ]むなって,do not get so down about it; ochikomu means to feel depressed.
勝手[かって]に思[おも]い込[こ]むなよな,do not jump to your own conclusions; omoikomu means to assume firmly.
自分[じぶん]の過去[かこ]と向[む]き合[あ]えよ,face your own past; mukiau means to face something.
一度[いちど]ちゃんと話[はな]し合[あ]おうぜ,let us talk it out properly for once; hanashiau means to talk things over.
あいつとも少[すこ]しは打[う]ち解[と]けたよ,I have warmed up to him a bit; uchitokeru means to open up to.
そんなに見[み]つめられると困[こま]るって,it is awkward when you stare at me like that; mitsumeru means to gaze at.
怒[おこ]るんじゃなくて諭[さと]すんだよ,you talk sense into him instead of getting angry; satosu means to admonish gently.
そこまで問[と]い詰[つ]めなくてもいいだろ,you do not have to grill him that hard; toitsumeru means to press for answers.
何[なに]も言[い]い返[かえ]せなかったんだ,I could not talk back at all; iikaesu means to talk back.
そんなに思[おも]い詰[つ]めるなって言[い]ってる,I am telling you not to brood so much; omoitsumeru means to brood.
あいつのそういうとこ気[き]に入[い]ってる,I like that side of him; ki ni iru means to take a liking to.
いつか絶対[ぜったい]に見返[みかえ]してやる,someday I will definitely prove them wrong; mikaesu means to succeed and show them up.
なんでも突[つ]き詰[つ]めればいいってもんじゃない,getting to the bottom of everything is not always right; tsukitsumeru means to pursue to the end.
怖[こわ]くなって逃[に]げ出[だ]したのかよ,did you get scared and run away; nigedasu means to run away.
ここが踏[ふ]ん張[ば]りどころなんだよ,this is where we dig in and hold on; funbaru means to stand firm.
駅[えき]まで見送[みおく]ってやるよ,I will see you off at the station; miokuru means to see off.
行[い]くなら引[ひ]き止[と]めないからな,if you are going I will not stop you; hikitomeru means to hold someone back.
困[こま]った時[とき]は助[たす]け合[あ]おうぜ,let us help each other when times are hard; tasukeau means to help one another.
あいつの真面目[まじめ]さを見習[みなら]えよ,take a lesson from how earnest he is; minarau means to follow someone's example.
お前[まえ]には根性[こんじょう]が足[た]りないんだよ,you are short on guts; konjou means guts.
あいつの度胸[どきょう]だけは認[みと]めるよ,I will give him credit for his nerve; dokyou means nerve.
そんなに意識[いしき]しなくてもいいのに,you really do not have to be so aware of it; ishiki means awareness.
やっと本性[ほんしょう]を出[だ]したなお前[まえ],you finally showed your true nature; honshou means true nature.
誰[だれ]にでも弱点[じゃくてん]はあるもんだよ,everybody has a weak point; jakuten means weak point.
その癖[くせ]いい加減[かげん]直[なお]せよ,fix that habit of yours already; kuse means habit.
俺[おれ]にも事情[じじょう]があったんだよ,I had my own circumstances too; jijou means circumstances.
あの夏[なつ]の思[おも]い出[で]は忘[わす]れない,I will not forget the memories of that summer; omoide means recollection.
あいつには見込[みこ]みがあると思[おも]うよ,I think he has real promise; mikomi means prospects.
口[くち]では感謝[かんしゃ]してるって言[い]えよ,at least say out loud that you are grateful; kansha means gratitude.
少[すこ]しは反省[はんせい]してるのかよ,are you reflecting on it even a little; hansei suru means to reflect on one's actions.
俺[おれ]はあいつに義理[ぎり]があるんだよ,I owe him an obligation; giri means obligation.
あいつの世話[せわ]は俺[おれ]がするからさ,I will take care of him; sewa means looking after someone.
その気遣[きづか]いだけで十分[じゅうぶん]だよ,your consideration alone is plenty; kizukai means consideration.
俺[おれ]の勘[かん]がそう言[い]ってるんだよ,my gut is telling me so; kan means intuition.
もう少[すこ]し思[おも]いやりを持[も]てよ,have a bit more compassion; omoiyari means compassion for others.
お前[まえ]のことは信用[しんよう]してないから,I do not trust you; shinyou suru means to trust.
裏[うら]があるって顔[かお]に書[か]いてあるぞ,your face says there is something behind this; ura means hidden side.
一度[いちど]でいいから本心[ほんしん]を聞[き]かせてください,please let me hear your real feelings just once; honshin means real feelings.
そこまで突[つ]き放[はな]さなくてもいいだろ,you did not have to push me away that hard; tsukihanasu means to push away.
もう誰[だれ]にも縋[すが]るつもりはない,I do not intend to cling to anyone anymore; sugaru means to cling.
みんながあいつを慕[した]う理由[りゆう]が分[わ]かる,I see why everyone adores him; shitau means to adore.
俺[おれ]を憎[にく]むのは勝手[かって]だけどな,you are free to hate me; nikumu means to hate.
そうやって甘[あま]やかすからダメなんだよ,he turns out bad because you spoil him like that; amayakasu means to spoil someone.
弱音[よわね]を吐[は]くのはお前[まえ]らしくない,whining is not like you; yowane means whining words.
気合[きあい]が足[た]りないんだよお前[まえ]は,you are short on fighting spirit; kiai means fighting spirit.
こんな時[とき]に見栄[みえ]を張[は]るなよ,do not put on a front at a time like this; mie means vanity or show.
泣[な]き言[ごと]ばっかり言[い]ってんじゃねえよ,quit whimpering all the time; nakigoto means a complaint or whimper.
親[おや]に反発[はんぱつ]したくなる時[とき]もある,there are times you want to rebel against your parents; hanpatsu suru means to rebel.
そんなの建前[たてまえ]に決[き]まってるじゃん,that is obviously just a public face; tatemae means public stance.
そろそろ攻撃[こうげき]が来[く]るぞ,the attack is coming soon; kougeki means attack.
今度[こんど]こそ仕留[しと]めてやるからな,I will finish it off for good this time; shitomeru means to bring down.
変[へん]な反応[はんのう]が出[で]てるぞ,a strange reading is showing up; hannou means a reaction.
武器[ぶき]なしじゃ無理[むり]だろ,it is impossible without a weapon; buki means weapon.
弓[ゆみ]なら俺[おれ]に任[まか]せてくれ,leave the bow to me; yumi means bow.
あいつは俺[おれ]の命[いのち]を狙[ねら]うつもりだ,he intends to go after my life; nerau means to aim at.
もう一歩[いっぽ]踏[ふ]み込[こ]めって,step in one pace deeper; fumikomu means to step in.
一撃[いちげき]で終[お]わらせてやる,I will end it in a single blow; ichigeki means one strike.
闘志[とうし]だけじゃどうにもならないぞ,fighting spirit alone will not fix this; toushi means fighting spirit.
こんな冒険[ぼうけん]、二度[にど]とごめんだ,I never want an adventure like this again; bouken means adventure.
なんとか撃退[げきたい]できたみたいだな,it seems we managed to drive them off; gekitai suru means to repel.
正面[しょうめん]から突破[とっぱ]するぞ,we are breaking through from the front; toppa suru means to break through.
迎撃[げいげき]の用意[ようい]はできてるか,are you ready to intercept them; geigeki means interception.
最初[さいしょ]から全力[ぜんりょく]で行[い]くぞ,I am going all out from the start; zenryoku means full power.
装甲[そうこう]がもう持[も]たないぞ,the armor plating will not hold much longer; soukou means armor plating.
あいつ、素質[そしつ]だけはあるな,that guy at least has the raw makings; soshitsu means natural aptitude.
ここから反撃[はんげき]を始[はじ]めるぞ,we start the counterattack from here; hangeki means counterattack.
お前[まえ]、防御[ぼうぎょ]が甘[あま]いんだよ,your defense is way too soft; bougyo means defense.
盾[たて]の後[うし]ろに隠[かく]れてろ,stay hidden behind the shield; tate means shield.
ちゃんと構[かま]えろ、来[く]るぞ,take your stance properly because it is coming; kamaeru means to take a stance.
相手[あいて]の隙[すき]を狙[ねら]えよ,aim for your opponent's opening; suki means an opening.
間合[まあ]いを詰[つ]めるなって,do not close the distance; maai means fighting distance.
一気[いっき]に斬[き]るぞ、下[さ]がってろ,I will cut through in one go so step back; kiru means to slash.
動[うご]くな、ここから撃[う]つぞ,do not move because I will shoot from here; utsu means to shoot.
そこを突[つ]くのが俺[おれ]の狙[ねら]いだ,striking that spot is my aim; tsuku means to thrust.
その一撃[いちげき]を弾[はじ]くなんてな,to think you deflected that blow; hajiku means to deflect.
お前[まえ]の攻撃[こうげき]、全部[ぜんぶ]受[う]け止[と]めてやる,I will take every one of your attacks; uketomeru means to catch.
そいつ、銃[じゅう]を持[も]ってるぞ,that guy has a gun; juu means gun.
弾[たま]がもう残[のこ]ってないんだ,I have no bullets left; tama means bullet.
矢[や]が飛[と]んでくるぞ、伏[ふ]せろ,arrows are flying at us so get down; ya means arrow.
刀[かたな]を抜[ぬ]けよ、逃[に]げる気[き]か,draw your sword or are you running; katana means sword.
鎧[よろい]が重[おも]くて走[はし]れないぞ,the armor is heavy and I cannot run; yoroi means armor.
俺[おれ]は拳[こぶし]だけで十分[じゅうぶん]だ,my fists alone are enough for me; kobushi means fist.
基本[きほん]の型[かた]から教[おし]えてやる,I will teach you starting from the basic form; kata means form.
その傷跡[きずあと]、どうしたんだよ,how did you get that scar; kizuato means scar.
こんな痛[いた]みにはもう慣[な]れてる,I am already used to this kind of pain; itami means pain.
骨[ほね]が折[お]れてるかもしれないぞ,a bone might be broken; hone means bone.
その傷[きず]、毒[どく]が回[まわ]ってるぞ,the poison is spreading in that wound; doku means poison.
これ、どう見[み]ても罠[わな]だろ,this is a trap no matter how you look at it; wana means trap.
夜[よる]のうちに奇襲[きしゅう]をかけるぞ,we will hit them with a night raid; kishuu means surprise attack.
作戦[さくせん]どおりに動[うご]けよ,move according to the plan; sakusen means battle plan.
ここに陣[じん]を張[は]るしかないな,we have no choice but to camp here; jin means battle formation.
敵[てき]の陣地[じんち]はもうすぐそこだ,the enemy camp is right up ahead; jinchi means encampment.
こんな訓練[くんれん]、意味[いみ]あんのかよ,is this training even meaningful; kunren means training.
明日[あした]から修行[しゅぎょう]をやり直[なお]す,I will redo my training from tomorrow; shugyou means disciplined training.
これ、師匠[ししょう]に教[おそ]わった技[わざ]だ,this is a technique my master taught me; shishou means master.
頼[たの]むから弟子[でし]にしてくれよ,please just make me your disciple; deshi means disciple.
今度[こんど]の相手[あいて]は強敵[きょうてき]だぞ,our next opponent is a tough one; kyouteki means strong enemy.
これで勝利[しょうり]は俺[おれ]たちのものだ,with this the victory is ours; shouri means victory.
敗北[はいぼく]なんて認[みと]めないからな,I will never accept defeat; haiboku means defeat.
引[ひ]き分[わ]けじゃ意味[いみ]ないだろ,a draw would be meaningless; hikiwake means a draw.
もう一度[いちど]あいつに挑[いど]むつもりだ,I plan to challenge him one more time; idomu means to challenge.
相手[あいて]の挑発[ちょうはつ]に乗[の]るなよ,do not fall for his provocation; chouhatsu suru means to provoke.
ここで食[く]い止[と]めるしかないだろ,we have no choice but to hold them here; kuitomeru means to hold back.
そのまま突[つ]っ込[こ]むのは無茶[むちゃ]だろ,charging straight in like that is reckless; tsukkomu means to charge in.
迷[まよ]わず中[なか]に飛[と]び込[こ]むぞ,I will dive inside without hesitating; tobikomu means to leap in.
あいつ、一人[ひとり]で駆[か]け出[だ]しやがった,that guy took off running by himself; kakedasu means to dash off.
ここまで追[お]い詰[つ]めたんだ、逃[に]がすかよ,I cornered you this far so no escape; oitsumeru means to corner.
後[うし]ろから忍[しの]び寄[よ]るつもりだな,he plans to creep up from behind; shinobiyoru means to sneak up.
もう少[すこ]し中[なか]を探[さぐ]るぞ,we will probe a bit deeper inside; saguru means to probe.
その手[て]はもう見破[みやぶ]ってるんだ,I already saw through that trick; miyaburu means to see through a ruse.
後[うし]ろに変[へん]な気配[けはい]を感[かん]じた,I felt a strange presence behind me; kehai means presence.
この先[さき]に何[なに]かが潜[ひそ]むはずだ,something must be lurking up ahead; hisomu means to lurk.
夜[よる]になったら襲[おそ]うつもりだな,they plan to attack once night falls; osou means to attack.
あいつの武器[ぶき]を奪[うば]うぞ,we are taking his weapon; ubau means to snatch away.
そんな力[ちから]で引[ひ]き裂[さ]くのかよ,are you ripping it apart with that much strength; hikisaku means to tear apart.
岩[いわ]ごと砕[くだ]くつもりかよ,are you going to smash the whole rock; kudaku means to shatter.
全部[ぜんぶ]燃[も]やすつもりなのか,does he intend to burn it all; moyasu means to burn.
川[かわ]ごと凍[こお]らせてやるよ,I will freeze the entire river; kooraseru means to freeze something.
その傷[きず]、早[はや]く治[なお]すぞ,let us heal that wound quickly; naosu means to heal.
今[いま]のうちに攻[せ]めた方[ほう]がいい,we should attack while we still can; semeru means to go on the offensive.
その手[て]、振[ふ]り払[はら]うなよ,do not shake that hand away; furiharau means to shake off.
この一撃[いちげき]で貫[つらぬ]くしかない,I can only pierce through with this blow; tsuranuku means to pierce.
まとめて吹[ふ]き飛[と]ばしてやる,I will blow them all away at once; fukitobasu means to blow away.
なんとか押[お]し返[かえ]せそうだぞ,it looks like we can push them back; oshikaesu means to push back.
動[うご]けないように縛[しば]るぞ,I will tie him up so he cannot move; shibaru means to tie up.
こんな所[ところ]に閉[と]じ込[こ]められたのか,so we were locked up in a place like this; tojikomeru means to shut in.
今夜[こんや]のうちに抜[ぬ]け出[だ]すぞ,we are slipping out tonight; nukedasu means to slip out.
まずは生[い]き延[の]びることを考[かんが]えろ,think about surviving first; ikinobiru means to survive.
相手[あいて]の裏[うら]をかくしかないな,we have to outwit our opponent; ura o kaku means to outsmart.
急所[きゅうしょ]を狙[ねら]えば一発[いっぱつ]だ,one shot is enough if you aim for the vital spot; kyuusho means vital spot.
今[いま]の技[わざ]、威力[いりょく]がすごいな,that technique has incredible force; iryoku means destructive power.
さっきから変[へん]な殺気[さっき]がするんだ,I have been sensing a strange bloodlust; sakki means bloodlust.
刀[かたな]を抜[ぬ]き放[はな]つ音[おと]がしたぞ,I heard a blade being drawn; nukihanatsu means to draw a blade.
そろそろ本当[ほんとう]の力[ちから]が目覚[めざ]めるぞ,his true power is about to awaken; mezameru means to awaken.
二人[ふたり]で押[お]さえ込[こ]むぞ,the two of us will pin him down; osaekomu means to hold down.
このまま応戦[おうせん]するしかないな,we can only keep fighting back like this; ousen suru means to fight back.
あいつの執念[しゅうねん]は普通[ふつう]じゃない,his tenacity is not normal; shuunen means tenacity.
先[さき]に鍵[かぎ]を盗[ぬす]むしかないだろ,we have to steal the key first; nusumu means to steal.
その賞金[しょうきん]、俺[おれ]がもらうぞ,I am taking that bounty; shoukin means bounty money.
こんな依頼[いらい]、受[う]けるんじゃなかった,I should never have taken this job; irai means a request.
これが俺[おれ]たちの宿命[しゅくめい]なのか,is this our destiny; shukumei means destiny.
ここから先[さき]は俺[おれ]が護衛[ごえい]する,I will guard you from here on; goei suru means to escort.
あの一族[いちぞく]の生[い]き残[のこ]りらしいぞ,he is apparently a survivor of that clan; ichizoku means clan.
魔石[ませき]がもう光[ひか]ってないぞ,the magic stone is not glowing anymore; maseki means magic stone.
魔力[まりょく]をこれ以上[いじょう]使[つか]うなよ,do not use any more magic power; maryoku means magical power.
古[ふる]い魔術[まじゅつ]の本[ほん]を見[み]つけた,I found an old book of sorcery; majutsu means sorcery.
その呪文[じゅもん]、もう一回[いっかい]頼[たの]む,say that spell one more time; jumon means incantation.
これ、呪[のろ]いかもしれないぞ,this might be a curse; noroi means curse.
結界[けっかい]が壊[こわ]れかけてるぞ,the barrier is about to break; kekkai means magical barrier.
封印[ふういん]が解[と]けたみたいだな,the seal seems to have come undone; fuuin means seal.
その力[ちから]を封[ふう]じるしかない,we can only seal that power away; fuujiru means to seal away.
儀式[ぎしき]はもう始[はじ]まってるって,the ritual has already started; gishiki means ritual.
あの予言[よげん]、当[あ]たったみたいだな,that prophecy seems to have come true; yogen means prophecy.
精霊[せいれい]の声[こえ]が聞[き]こえるんだ,I can hear the voice of a spirit; seirei means elemental spirit.
妖精[ようせい]なんて本当[ほんとう]にいるのか,do fairies really exist; yousei means fairy.
あいつ、妖怪[ようかい]だったのかよ,so that guy was a yokai; youkai means a supernatural creature.
幽霊[ゆうれい]なんているわけないだろ,there is no way ghosts exist; yuurei means ghost.
魂[たましい]まで持[も]っていかれるぞ,even your soul will be taken; tamashii means soul.
その護符[ごふ]、絶対[ぜったい]に外[はず]すなよ,never take that talisman off; gofu means protective charm.
女神[めがみ]に会[あ]ったって言[い]うのか,are you saying that you met a goddess; megami means goddess.
あいつは悪魔[あくま]みたいな奴[やつ]だ,that guy is like a demon; akuma means demon.
天使[てんし]の絵[え]が壁[かべ]にあるぞ,there is a painting of an angel on the wall; tenshi means angel.
この国[くに]の王[おう]に会[あ]いに行[い]く,I am going to meet the king of this country; ou means king.
王女[おうじょ]を無事[ぶじ]に連[つ]れて帰[かえ]るぞ,we will bring the princess back safely; oujo means princess.
この王国[おうこく]はもう長[なが]くないな,this kingdom will not last much longer; oukoku means kingdom.
帝国[ていこく]の連中[れんちゅう]が動[うご]き出[だ]した,the people of the empire have started moving; teikoku means empire.
あいつ、本物[ほんもの]の騎士[きし]なんだって,they say he is a real knight; kishi means knight.
勇者[ゆうしゃ]なんて呼[よ]ばれても困[こま]る,being called a hero just troubles me; yuusha means hero.
魔王[まおう]を倒[たお]せば終[お]わりなのか,will it be over if we defeat the demon lord; maou means demon lord.
この辺[へん]は魔物[まもの]が多[おお]いらしい,there seem to be many monsters around here; mamono means magical beast.
あの空[そら]にいるの、竜[りゅう]だろ,that thing in the sky is a dragon; ryuu means dragon.
こんな獣[けもの]、見[み]たことないぞ,I have never seen a beast like this; kemono means beast.
あんなの完全[かんぜん]に化[ば]け物[もの]じゃん,that thing is totally a monster; bakemono means monster.
怪物[かいぶつ]の声[こえ]が下[した]から聞[き]こえる,I hear a monster's voice from below; kaibutsu means monster.
こいつを召喚[しょうかん]したのは誰[だれ]だよ,who summoned this thing; shoukan suru means to summon.
人[ひと]の心[こころ]を操[あやつ]るなんて最低[さいてい]だ,manipulating people's hearts is the worst; ayatsuru means to manipulate.
この辺[へん]を支配[しはい]してる奴[やつ]がいる,someone rules over this area; shihai suru means to rule.
そんなこと、誰[だれ]も命[めい]じてないぞ,nobody ordered anything like that; meijiru means to command.
黙[だま]って従[したが]う気[き]はないね,I have no intention of quietly obeying; shitagau means to obey.
そんな契約[けいやく]、するわけないだろ,there is no way I would make that contract; keiyaku means contract.
ここ、異世界[いせかい]ってやつかよ,is this place one of those other worlds; isekai means another world.
転生[てんせい]したって信[しん]じてもらえない,nobody believes that I was reborn; tensei means reincarnation.
さっきの転移[てんい]、体[からだ]がきついな,that teleport just now was rough on my body; ten-i means teleportation.
あいつの復活[ふっかつ]はもう止[と]められない,his revival can no longer be stopped; fukkatsu means revival.
死[し]んだ奴[やつ]が蘇[よみがえ]るわけないだろ,there is no way the dead come back; yomigaeru means to come back to life.
変身[へんしん]しないとこいつには勝[か]てない,I cannot beat this thing without transforming; henshin suru means to transform.
お前[まえ]の能力[のうりょく]、どこまでいけるんだ,how far can your ability go; nouryoku means ability.
聖剣[せいけん]なんて本当[ほんとう]にあるのか,does a holy sword really exist; seiken means holy sword.
その宝[たから]、渡[わた]す気[き]はないぞ,I am not handing over that treasure; takara means treasure.
これが俺[おれ]の一番[いちばん]の宝物[たからもの]なんだ,this is my most precious treasure; takaramono means prized possession.
財宝[ざいほう]はこの奥[おく]にあるはずだ,the hoard should be deeper inside; zaihou means treasure hoard.
あの洞窟[どうくつ]には近[ちか]づくなよ,do not go near that cave; doukutsu means cave.
あの塔[とう]の上[うえ]まで登[のぼ]るぞ,we are climbing to the top of that tower; tou means tower.
城[しろ]の中[なか]、静[しず]かすぎるだろ,it is way too quiet inside the castle; shiro means castle.
この村[むら]、誰[だれ]も残[のこ]ってないぞ,there is nobody left in this village; mura means village.
森[もり]の奥[おく]で何[なに]かが動[うご]いた,something moved deep in the forest; mori means forest.
あの島[しま]には誰[だれ]も住[す]んでない,nobody lives on that island; shima means island.
この遺跡[いせき]、まだ生[い]きてるみたいだ,these ruins still seem to be alive; iseki means ruins.
神殿[しんでん]の奥[おく]には行[い]くなよ,do not go into the depths of the temple; shinden means temple.
こんな所[ところ]に墓[はか]があるなんてな,to think there is a grave in a place like this; haka means grave.
松明[たいまつ]の火[ひ]が消[き]えそうだ,the torch flame is about to go out; taimatsu means torch.
変[へん]な影[かげ]が動[うご]いてないか,is that a strange shadow moving; kage means shadow.
炎[ほのお]がこっちまで来[き]てるぞ,the flames are reaching us over here; honoo means flame.
足元[あしもと]が氷[こおり]になってるぞ,the ground under us has turned to ice; koori means ice.
さっきの雷[かみなり]、普通[ふつう]じゃないな,that lightning just now was not normal; kaminari means lightning.
煙[けむり]で前[まえ]が見[み]えないぞ,I cannot see ahead through the smoke; kemuri means smoke.
早[はや]くしないと爆発[ばくはつ]するぞ,it will blow up if we do not hurry; bakuhatsu suru means to explode.
爆弾[ばくだん]がまだ残[のこ]ってるらしい,apparently a bomb is still left; bakudan means bomb.
その機械[きかい]、まだ動[うご]くのかよ,does that machine still work; kikai means machine.
装置[そうち]を止[と]めないとまずいぞ,we are in trouble unless we stop the device; souchi means device.
こんな兵器[へいき]、使[つか]わせるかよ,like hell I will let them use this weapon; heiki means weapon of war.
実験[じっけん]はもう終[お]わってるってさ,they say the experiment is already finished; jikken means experiment.
研究所[けんきゅうじょ]に戻[もど]るぞ、急[いそ]げ,get back to the lab and hurry up; kenkyuujo means laboratory.
博士[はかせ]なら奥[おく]の部屋[へや]にいるよ,the professor is in the back room; hakase means professor.
その記録[きろく]、まだ残[のこ]ってるのか,is that record still around; kiroku means record.
装備[そうび]がこれだけじゃ足[た]りないな,this much gear is not going to be enough; soubi means equipment.
通信[つうしん]が切[き]れたみたいだぞ,the transmission seems to have cut out; tsuushin means communication.
変[へん]な信号[しんごう]を拾[ひろ]ったんだ,I picked up a strange signal; shingou means signal.
制御[せいぎょ]がもう効[き]いてないぞ,the controls are not responding anymore; seigyo means control.
力[ちから]が暴走[ぼうそう]してるだけだ,his power is simply running wild; bousou means going out of control.
兵士[へいし]たちがこっちに来[く]るぞ,soldiers are heading this way; heishi means soldier.
うちの部隊[ぶたい]は先[さき]に行[い]く,our unit is going on ahead; butai means unit.
隊長[たいちょう]の話[はなし]、聞[き]いてたのかよ,were you even listening to the captain; taichou means squad captain.
これは命令[めいれい]だ、下[さ]がってろ,this is an order so stand back; meirei means order.
任務[にんむ]はまだ終[お]わってないぞ,the mission is not over yet; ninmu means mission.
合図[あいず]で突撃[とつげき]するからな,we charge on the signal; totsugeki means a charge.
ここは撤退[てったい]した方[ほう]がいいって,we really should pull back here; tettai means retreat.
もう包囲[ほうい]されてるみたいだな,it seems we are already surrounded; houi means encirclement.
夜[よる]のうちに潜入[せんにゅう]するぞ,we will infiltrate during the night; sennyuu suru means to sneak in.
早[はや]くここから脱出[だっしゅつ]するぞ,let us get out of here fast; dasshutsu suru means to escape.
人質[ひとじち]がまだ中[なか]にいるんだ,a hostage is still inside; hitojichi means hostage.
全員[ぜんいん]を救出[きゅうしゅつ]してから逃[に]げるぞ,we run after rescuing everyone; kyuushutsu suru means to rescue.
今[いま]さら仲間割[なかまわ]れかよ,infighting at a time like this; nakamaware means infighting.
あの組織[そしき]の連中[れんちゅう]だろうな,they must be from that organization; soshiki means organization.
全部[ぜんぶ]あいつの陰謀[いんぼう]だったのか,was all of it his conspiracy; inbou means conspiracy.
さっきから誰[だれ]かに尾行[びこう]されてる,someone has been tailing me for a while; bikou suru means to shadow.
今度[こんど]の事件[じけん]、何[なん]か変[へん]だよな,something is off about this case; jiken means incident.
犯人[はんにん]はこの中[なか]にいるはずだ,the culprit has to be among us; hannin means culprit.
証拠[しょうこ]なんてどこにもないぞ,there is no evidence anywhere; shouko means evidence.
手掛[てが]かりが一[ひと]つもないんだよ,we do not have a single clue; tegakari means clue.
現場[げんば]をもう一度[いちど]見[み]に行[い]くぞ,we are going to look at the scene again; genba means the scene.
調査[ちょうさ]は今日[きょう]までにしよう,let us wrap up the survey today; chousa means investigation.
捜査[そうさ]はまだ続[つづ]いてるらしい,the criminal investigation is apparently still going; sousa means police investigation.
誰[だれ]かが目撃[もくげき]してたみたいだ,it looks like someone witnessed it; mokugeki suru means to witness.
追跡[ついせき]はもうばれてるぞ,they already know we are tailing them; tsuiseki means pursuit.
ここ、監視[かんし]されてるかもな,this place might be under surveillance; kanshi means surveillance.
逮捕[たいほ]されたら全部[ぜんぶ]終[お]わりだ,if we get arrested it is all over; taiho means arrest.
全部[ぜんぶ]暴[あば]くまで終[お]われないんだ,I cannot stop until I expose everything; abaku means to expose.
必[かなら]ず正体[しょうたい]を突[つ]き止[と]めてやる,I will definitely pin down who he really is; tsukitomeru means to track down.
これも生[う]まれた時[とき]からの定[さだ]めだ,this too was decided the moment I was born; sadame means destiny.
あの日[ひ]の誓[ちか]いを今[いま]も忘[わす]れていない,I still have not forgotten the oath of that day; chikai means oath.
最後[さいご]まで自分[じぶん]の役目[やくめ]を全[まっと]うする,I will carry out my duty to the very end; mattou suru means to fulfill completely.
一人[ひとり]で全部[ぜんぶ]背負[せお]うつもりか,do you intend to shoulder it all alone; seou means to shoulder.
その罪[つみ]は一生[いっしょう]消[き]えない,that sin will never disappear for a lifetime; tsumi means sin.
これがお前[まえ]の受[う]けるべき罰[ばつ]だ,this is the punishment you deserve; batsu means punishment.
兄[あに]の仇討[あだう]ちのために旅[たび]に出[で]た,I set out on a journey to avenge my brother; adauchi means vendetta.
誇[ほこ]りを捨[す]てるくらいなら死[し]んだ方[ほう]がましだ,I would rather die than throw away my pride; hokori means pride.
俺[おれ]はこの仲間[なかま]たちを誇[ほこ]る,I take pride in these comrades of mine; hokoru means to be proud of.
名誉[めいよ]のために戦[たたか]う者[もの]もいる,there are those who fight for honor; meiyo means honor.
この負[ま]けは一生[いっしょう]の恥[はじ]になる,this defeat will be a lifelong shame; haji means shame.
自分[じぶん]の弱[よわ]さを恥[は]じることはない,there is no need to be ashamed of your weakness; hajiru means to feel shame.
あいつは人[ひと]の上[うえ]に立[た]つ器[うつわ]ではない,he is not the caliber to stand above others; utsuwa means personal capacity.
全[すべ]てを失[うしな]って初[はじ]めて悟[さと]る,only after losing everything do I understand; satoru means to realize.
悟[さと]りを開[ひら]くには長[なが]い時間[じかん]がいる,attaining enlightenment takes a long time; satori means enlightenment.
人[ひと]の欲望[よくぼう]には終[お]わりがない,human desire has no end; yokubou means desire.
あの男[おとこ]の野望[やぼう]はもう止[と]まらない,that man's ambition can no longer be stopped; yabou means ambition.
過去[かこ]への執着[しゅうちゃく]を今[いま]すぐ捨[す]てろ,throw away your attachment to the past right now; shuuchaku means obsession.
俺[おれ]たちには戦[たたか]うだけの大義[たいぎ]がある,we have a just cause worth fighting for; taigi means great cause.
信念[しんねん]だけは曲[ま]げるつもりはない,my conviction is the one thing I will not bend; shinnen means conviction.
王家[おうけ]の血[ち]を引[ひ]く者[もの]はもう少[すく]ない,few are left who carry the royal blood; ouke means royal house.
帝国[ていこく]に領土[りょうど]を奪[うば]われたままだ,our territory is still taken by the empire; ryoudo means territory.
皇帝[こうてい]の言葉[ことば]は誰[だれ]にも変[か]えられない,no one can change the emperor's word; koutei means emperor.
貴族[きぞく]の子[こ]として生[う]まれてしまった,I happened to be born a child of the nobility; kizoku means aristocrat.
この一門[いちもん]を背負[せお]う覚悟[かくご]はあるか,do you have the resolve to carry this house; ichimon means clan.
お前[まえ]には王[おう]の血筋[ちすじ]が流[なが]れている,the blood of kings flows in you; chisuji means lineage.
一族[いちぞく]の掟[おきて]は絶対[ぜったい]だ,the clan's code is absolute; okite means unwritten law.
この街[まち]は闇[やみ]の力[ちから]に支配[しはい]されている,this town is ruled by a dark power; shihai means domination.
権力[けんりょく]は人[ひと]を変[か]えてしまう,power ends up changing people; kenryoku means political power.
敵[てき]の謀略[ぼうりゃく]に気[き]づくのが遅[おそ]かった,we noticed the enemy's machination too late; bouryaku means stratagem.
人々[ひとびと]がついに反乱[はんらん]を起[お]こした,the people finally rose in rebellion; hanran means rebellion.
二[ふた]つの国[くに]が同盟[どうめい]を結[むす]んだ,the two countries formed an alliance; doumei means alliance.
敵[てき]の軍[ぐん]がこちらに向[む]かってくる,the enemy army is heading this way; gun means army.
あの武将[ぶしょう]は一度[いちど]も負[ま]けていない,that commander has never lost even once; bushou means military commander.
わずかな兵[へい]でこの門[もん]を守[まも]る,we hold this gate with only a few troops; hei means troops.
ここで退[しりぞ]くわけにはいかない,I cannot afford to back down here; shirizoku means to withdraw.
夜[よる]が明[あ]けたら進軍[しんぐん]を始[はじ]める,we begin the advance once the night ends; shingun means military advance.
この城[しろ]で籠城[ろうじょう]を続[つづ]けるしかない,all we can do is hold out inside this castle; roujou means holding a castle under siege.
街[まち]は一晩[ひとばん]で壊滅[かいめつ]した,the town was wiped out in a single night; kaimetsu means annihilation.
この戦[たたか]いで多[おお]くの犠牲者[ぎせいしゃ]が出[で]た,many victims came out of this battle; giseisha means victim.
ここは戦[いくさ]の後[あと]に残[のこ]った廃墟[はいきょ]だ,this is a ruin left behind after the war; haikyo means ruins.
戦[いくさ]の後[あと]この地[ち]は焦土[しょうど]と化[か]した,after the war this land turned into scorched earth; shoudo means scorched earth.
生存者[せいぞんしゃ]はまだ見[み]つかっていない,no survivors have been found yet; seizonsha means survivor.
遺体[いたい]を故郷[こきょう]に返[かえ]してやりたい,I want to return the body to its homeland; itai means corpse.
せめて遺骨[いこつ]だけでも家族[かぞく]に渡[わた]したい,I want to hand at least the remains to the family; ikotsu means the bones of the dead.
これがあいつへのせめてもの弔[とむら]いだ,this is the least I can offer as mourning for him; tomurai means memorial rite.
死[し]んだ仲間[なかま]を静[しず]かに弔[とむら]う,we quietly mourn our fallen comrades; tomurau means to mourn.
これが母[はは]の遺言[ゆいごん]だった,these were my mother's dying words; yuigon means last will.
父[ちち]の遺志[いし]は俺[おれ]が守[まも]る,I will protect my father's dying wish; ishi means the will of the deceased.
このまま終[お]わるのは無念[むねん]だ,ending like this fills me with bitter regret; munen means chagrin.
俺[おれ]たちの因縁[いんねん]は昔[むかし]から続[つづ]いている,the bad blood between us goes back a long way; innen means fateful bond.
これも俺[おれ]が背負[せお]う業[ごう]なのだろう,this too must be the karma I carry; gou means karma.
誰[だれ]もが真理[しんり]を求[もと]めている,everyone is searching for truth; shinri means truth.
物事[ものごと]の本質[ほんしつ]を見[み]る目[め]を持[も]て,have an eye for the essence of things; honshitsu means essence.
お前[まえ]の話[はなし]には矛盾[むじゅん]がある,there is a contradiction in your story; mujun means contradiction.
これも運命[うんめい]の皮肉[ひにく]というものだ,this too is one of fate's ironies; hiniku means irony.
この旗[はた]は自由[じゆう]の象徴[しょうちょう]だ,this flag is a symbol of freedom; shouchou means symbol.
ここには時間[じかん]という概念[がいねん]がない,here there is no such concept as time; gainen means concept.
平和[へいわ]など幻想[げんそう]だと言[い]うのか,are you saying peace is only an illusion; gensou means illusion.
それはお前[まえ]の妄想[もうそう]にすぎない,that is nothing more than your delusion; mousou means delusion.
強[つよ]くなったというのは錯覚[さっかく]だ,thinking you have grown stronger is a false impression; sakkaku means illusion.
これも自然[しぜん]の摂理[せつり]なのだ,this too is the providence of nature; setsuri means providence.
命[いのち]は輪廻[りんね]を繰[く]り返[かえ]すという,they say life repeats the cycle of rebirth; rinne means reincarnation.
お前[まえ]に慈悲[じひ]をかけるつもりはない,I have no intention of showing you mercy; jihi means mercy.
これが俺[おれ]なりの贖罪[しょくざい]だ,this is atonement in my own way; shokuzai means atonement.
命[いのち]をもって償[つぐな]いとしよう,let my life serve as the payment; tsugunai means recompense.
どうやってこの罪[つみ]を償[つぐな]うのか,how am I supposed to atone for this sin; tsugunau means to atone.
受[う]けた恩[おん]には必[かなら]ず報[むく]いる,I will always repay a kindness I have received; mukuiru means to repay.
報復[ほうふく]はさらなる報復[ほうふく]を生[う]むだけだ,retaliation only breeds more retaliation; houfuku means retaliation.
二[ふた]つの家[いえ]の間[あいだ]に深[ふか]い遺恨[いこん]がある,there is a deep grudge between the two houses; ikon means lingering grudge.
あの目[め]には憎悪[ぞうお]しかない,there is nothing but hatred in those eyes; zouo means hatred.
この地[ち]には強[つよ]い怨念[おんねん]が残[のこ]っている,a powerful vengeful spirit lingers in this land; onnen means vengeful grudge.
過去[かこ]の亡霊[ぼうれい]にずっと追[お]われている,I have been chased by the ghosts of my past; bourei means ghost.
ついに宿敵[しゅくてき]と向[む]き合[あ]う時[とき]が来[き]た,the time to face my sworn enemy has finally come; shukuteki means arch rival.
三日[みっか]に及[およ]ぶ死闘[しとう]だった,it was a death struggle lasting three days; shitou means desperate fight.
明日[あす]がついに決戦[けっせん]の日[ひ]だ,tomorrow is at last the day of the decisive battle; kessen means decisive battle.
戦況[せんきょう]はこちらに不利[ふり]だ,the state of the battle is against us; senkyou means war situation.
前線[ぜんせん]の兵[へい]たちはもう限界[げんかい]だ,the troops on the front line are at their limit; zensen means front line.
最後[さいご]まで隊列[たいれつ]を崩[くず]すな,do not break the ranks until the very end; tairetsu means column of troops.
敵[てき]の軍勢[ぐんぜい]が山[やま]を越[こ]えてきた,the enemy forces have come over the mountain; gunzei means armed forces.
援軍[えんぐん]が来[く]るまで持[も]ちこたえろ,hold out until the reinforcements arrive; engun means reinforcements.
この場[ば]の指揮[しき]は俺[おれ]が執[と]る,I will take command here; shiki means command.
将軍[しょうぐん]が自[みずか]ら前[まえ]に出[で]てきた,the general himself came out to the front; shougun means general.
参謀[さんぼう]の言[い]う通[とお]りに動[うご]く,we move exactly as the chief strategist says; sanbou means staff officer.
相手[あいて]の戦略[せんりゃく]を先[さき]に読[よ]め,read the opponent's strategy before he moves; senryaku means strategy.
その戦術[せんじゅつ]はもう通用[つうよう]しない,that tactic will not work anymore; senjutsu means tactics.
夜襲[やしゅう]をかけるなら今夜[こんや]しかない,if we are to make a night raid it has to be tonight; yashuu means night attack.
隣[となり]の国[くに]が侵略[しんりゃく]を始[はじ]めた,the neighboring country has begun an invasion; shinryaku means invasion.
世界[せかい]を征服[せいふく]するつもりらしい,it seems he means to conquer the world; seifuku means conquest.
わずか一日[いちにち]で街[まち]を制圧[せいあつ]した,they subdued the town in only one day; seiatsu means suppression.
王[おう]は討伐[とうばつ]の命令[めいれい]を出[だ]した,the king issued an order for a punitive expedition; toubatsu means subjugation.
捕虜[ほりょ]をひどく扱[あつか]うな,do not treat the prisoners cruelly; horyo means prisoner of war.
あの方[かた]は城[しろ]の奥[おく]に幽閉[ゆうへい]されている,that person is confined deep inside the castle; yuuhei means confinement.
今[いま]すぐ停戦[ていせん]を申[もう]し入[い]れよう,let us propose a ceasefire immediately; teisen means ceasefire.
降伏[こうふく]するなら命[いのち]は取[と]らない,if you surrender I will not take your life; koufuku means surrender.
あの男[おとこ]も交渉[こうしょう]の場[ば]に出[で]てくるはずだ,that man should show up at the negotiating table too; koushou means negotiation.
二人[ふたり]の間[あいだ]には密約[みつやく]があった,there was a secret pact between the two of them; mitsuyaku means secret agreement.
城[しろ]の中[なか]に密偵[みってい]がいるらしい,it seems there is a spy inside the castle; mittei means secret agent.
この事件[じけん]の黒幕[くろまく]はまだ生[い]きている,the mastermind behind this incident is still alive; kuromaku means hidden power broker.
王[おう]の暗殺[あんさつ]を止[と]めなければならない,we have to stop the assassination of the king; ansatsu means assassination.
刺客[しかく]が夜[よる]の道[みち]で待[ま]っていた,an assassin was waiting on the night road; shikaku means hired killer.
謀反[むほん]の噂[うわさ]が城[しろ]の中[なか]に広[ひろ]がった,rumors of treason spread through the castle; muhon means revolt against a lord.
あいつは裏[うら]で必[かなら]ず何[なに]かを企[たくら]む,he is always plotting something behind the scenes; takuramu means to scheme.
これも全[すべ]て敵[てき]の策略[さくりゃく]だったのか,so all of this was the enemy's stratagem; sakuryaku means scheme.
仲間[なかま]を罠[わな]に陥[おとしい]れるつもりか,do you mean to lure your own comrade into a trap; otoshiireru means to entrap.
味方[みかた]まで欺[あざむ]くとは思[おも]わなかった,I never thought you would deceive your own side; azamuku means to deceive.
甘[あま]い言葉[ことば]で人[ひと]を惑[まど]わす,he leads people astray with sweet words; madowasu means to bewitch.
剣[けん]を抜[ぬ]いて相手[あいて]を威嚇[いかく]する,I draw my sword and threaten my opponent; ikaku suru means to intimidate.
人々[ひとびと]を煽[あお]るような真似[まね]はやめろ,stop doing things that stir up the crowd; aoru means to incite.
相手[あいて]を侮[あなど]ると痛[いた]い目[め]を見[み]る,underestimate your opponent and you will regret it; anadoru means to make light of.
負[ま]けた相手[あいて]を嘲[あざけ]るな,do not sneer at an opponent who has lost; azakeru means to mock.
生[う]まれの低[ひく]い者[もの]を蔑[さげす]むな,do not scorn those of low birth; sagesumu means to look down on.
俺[おれ]の前[まえ]に立[た]ちはだかるつもりか,do you plan to stand in my way; tachihadakaru means to block the path.
この手[て]で必[かなら]ずあいつを討[う]つ,I will strike him down with my own hands; utsu means to strike down.
その安[やす]い自信[じしん]を打[う]ち砕[くだ]いてやる,I will shatter that cheap confidence of yours; uchikudaku means to smash.
この国[くに]を滅[ほろ]ぼすつもりなのか,do you intend to destroy this country; horobosu means to ruin.
力[ちから]におぼれた者[もの]はいずれ滅[ほろ]びる,those drunk on power will perish sooner or later; horobiru means to fall into ruin.
全[すべ]てを闇[やみ]に葬[ほうむ]るしかない,we have no choice but to bury it all in darkness; houmuru means to bury.
このまま闇[やみ]の中[なか]で朽[く]ちるのか,am I to rot away here in the dark; kuchiru means to decay.
こんな場所[ばしょ]で果[は]てるものか,as if I would meet my end in a place like this; hateru means to perish.
多[おお]くの兵[へい]が花[はな]のように散[ち]る,many soldiers fall like flowers; chiru means to scatter.
この村[むら]から人[ひと]の声[こえ]が絶[た]えた,the sound of human voices died out in this village; taeru means to cease.
昔[むかし]の縁[えん]をここで断[た]つ,here I sever the old ties; tatsu means to sever.
この血筋[ちすじ]を絶[た]やしてはならない,this bloodline must not be allowed to die out; tayasu means to wipe out.
死者[ししゃ]の名[な]を忘[わす]れてはならない,we must not forget the names of the dead; shisha means the deceased.
死[し]んだ者[もの]を蘇[よみがえ]らせる術[じゅつ]はない,there is no art that brings the dead back; yomigaeraseru means to revive.
せめて静[しず]かに供養[くよう]をしてやろう,let us at least hold a quiet memorial for them; kuyou means memorial service.
せめて最期[さいご]まで側[そば]にいてやる,at the very least I will stay beside him to the end; saigo means one's last moments.
これも一[ひと]つの時代[じだい]の終焉[しゅうえん]だ,this too is the end of an era; shuuen means demise.
帝国[ていこく]の崩壊[ほうかい]はもう止[と]まらない,the collapse of the empire can no longer be stopped; houkai means collapse.
この土地[とち]を統治[とうち]するのは誰[だれ]だ,who is it that governs this land; touchi means rule.
民[たみ]を治[おさ]めるのは簡単[かんたん]ではない,governing the people is not a simple thing; osameru means to rule over.
民衆[みんしゅう]の怒[いか]りはもう抑[おさ]えられない,the anger of the masses can no longer be held back; minshuu means the populace.
あの方[かた]の権威[けんい]は今[いま]も強[つよ]い,that person's authority is still strong today; ken'i means authority.
この組織[そしき]の序列[じょれつ]は厳[きび]しい,the pecking order in this organization is strict; joretsu means rank order.
生[う]まれで階級[かいきゅう]が決[き]まる世[よ]だ,it is a world where birth decides your class; kaikyuu means social class.
家柄[いえがら]で人[ひと]を選[えら]ぶのか,do you judge people by their family standing; iegara means family status.
若[わか]くして一族[いちぞく]の当主[とうしゅ]となった,he became head of the clan while still young; toushu means family head.
家臣[かしん]たちが夜[よる]の城[しろ]に集[あつ]まった,the retainers gathered at the castle at night; kashin means vassal.
主君[しゅくん]のために命[いのち]を捨[す]てる覚悟[かくご]だ,I am prepared to give my life for my lord; shukun means liege lord.
従者[じゅうしゃ]を一人[ひとり]だけ連[つ]れて行[い]く,I will take only one attendant with me; juusha means attendant.
死[し]ぬまでこの方[かた]に仕[つか]える,I will serve this person until I die; tsukaeru means to serve.
多[おお]くの兵[へい]を従[したが]えて現[あらわ]れた,he appeared with many soldiers under his command; shitagaeru means to lead as subordinates.
俺[おれ]がこの部隊[ぶたい]を率[ひき]いる,I am the one who leads this unit; hikiiru means to lead.
長[なが]い間[あいだ]この地[ち]に君臨[くんりん]してきた,he has reigned over this land for a long time; kunrin suru means to reign.
王座[おうざ]を狙[ねら]う者[もの]はいくらでもいる,there are any number of people after the throne; ouza means throne.
玉座[ぎょくざ]は今[いま]も空[から]のままだ,the royal seat still remains empty; gyokuza means throne of a sovereign.
新[あたら]しい王[おう]の即位[そくい]が決[き]まった,the new king's accession has been decided; sokui means enthronement.
王座[おうざ]の継承[けいしょう]をめぐって争[あらそ]いが起[お]きた,a struggle broke out over the succession to the throne; keishou means succession.
後継者[こうけいしゃ]はまだ決[き]まっていない,the successor has not been chosen yet; koukeisha means successor.
父[ちち]の名[な]と剣[けん]を受[う]け継[つ]ぐ,I inherit my father's name and his sword; uketsugu means to inherit.
この力[ちから]をお前[まえ]に授[さず]ける,I grant this power to you; sazukeru means to bestow.
王[おう]から直[じか]に剣[けん]を賜[たまわ]る,I receive a sword directly from the king; tamawaru means to be granted.
この命[いのち]を国[くに]に捧[ささ]げる,I offer up this life to my country; sasageru means to dedicate.
最後[さいご]まで人[ひと]のために尽[つ]くす,I will devote myself to others to the very end; tsukusu means to devote oneself.
こちらの打[う]つ手[て]はもう尽[つ]きた,we have run out of moves to make; tsukiru means to run out.
判断[はんだん]は全[すべ]てお前[まえ]に委[ゆだ]ねる,I leave the decision entirely to you; yudaneru means to entrust.
後[あと]のことは若[わか]い者[もの]に託[たく]す,I entrust what comes after to the young; takusu means to entrust.
次[つぎ]の時代[じだい]を担[にな]うのはお前[まえ]たちだ,you are the ones who will carry the next era; ninau means to shoulder.
俺[おれ]は必[かなら]ず約束[やくそく]を果[は]たす,I will fulfill the promise without fail; hatasu means to fulfill.
目的[もくてき]を遂[と]げるまでは死[し]ねない,I cannot die until I accomplish my purpose; togeru means to achieve.
真理[しんり]に至[いた]る道[みち]は一[ひと]つではない,the road that leads to truth is not just one; itaru means to arrive at.
覚悟[かくご]を決[き]めて決戦[けっせん]に臨[のぞ]む,I steel myself and face the decisive battle; nozomu means to confront.
その志[こころざし]だけは忘[わす]れるな,never forget that aspiration of yours; kokorozashi means aspiration.
あの人[ひと]は遠[とお]い未来[みらい]を見据[みす]えている,that person has his eyes fixed on the distant future; misueru means to look squarely at.
誰[だれ]が本当[ほんとう]の敵[てき]か見極[みきわ]める,I will determine who the real enemy is; mikiwameru means to ascertain.
心[こころ]の中[なか]まで見透[みす]かされている,he sees right through into my heart; misukasu means to see through.
今[いま]のうちに全[すべ]て白状[はくじょう]した方[ほう]がいい,you had better confess everything while you still can; hakujou suru means to confess.
俺[おれ]はこの戦[たたか]いの終[お]わりを見届[みとど]ける,I will see the end of this fight with my own eyes; mitodokeru means to witness to the end.
今回[こんかい]だけは見逃[みのが]してやろう,I will let it slide just this once; minogasu means to overlook.
言[い]わなくても気持[きも]ちは察[さっ]する,I can sense how you feel without being told; sassuru means to surmise.
今[いま]は人目[ひとめ]を忍[しの]ぶしかない,for now we can only keep out of sight; shinobu means to conceal oneself.
苦[くる]しみに耐[た]え忍[しの]ぶ日々[ひび]が続[つづ]く,days of enduring the pain go on; taeshinobu means to bear patiently.
運命[うんめい]に抗[あらが]う力[ちから]が欲[ほ]しい,I want the strength to resist fate; aragau means to struggle against.
どんな力[ちから]にも屈[くっ]するものか,as if I would give in to any power; kussuru means to submit.
主君[しゅくん]の命令[めいれい]に背[そむ]くことになる,it would mean going against my lord's order; somuku means to defy.
差[さ]し出[だ]された手[て]を拒[こば]むのか,will you refuse the hand held out to you; kobamu means to reject.
行[い]く手[て]を阻[はば]む者[もの]は許[ゆる]さない,I will not forgive anyone who blocks my way; habamu means to obstruct.
人[ひと]の話[はなし]を途中[とちゅう]で遮[さえぎ]るな,do not cut in while someone is talking; saegiru means to interrupt.
誰[だれ]にも同[おな]じ道[みち]を強[し]いるつもりはない,I have no intention of forcing the same path on anyone; shiiru means to compel.
自分[じぶん]に重[おも]い罰[ばつ]を課[か]す,I impose a heavy punishment on myself; kasu means to impose.
掟[おきて]を破[やぶ]った者[もの]には制裁[せいさい]がある,those who break the code face sanctions; seisai means sanction.
明日[あす]の朝[あさ]に処刑[しょけい]が行[おこな]われる,the execution will take place tomorrow morning; shokei means execution.
あの男[おとこ]は国[くに]から追放[ついほう]された,that man was banished from the country; tsuihou means banishment.
この寺[てら]の戒律[かいりつ]はとても厳[きび]しい,the precepts of this temple are very strict; kairitsu means religious precept.
人[ひと]が人[ひと]を裁[さば]くのは難[むずか]しい,it is hard for people to judge people; sabaku means to judge.
いつか天[てん]の裁[さば]きが下[くだ]るだろう,someday judgment from heaven will fall; sabaki means judgment.
裁判[さいばん]で全[すべ]てを話[はな]すつもりだ,I intend to tell everything at the trial; saiban means trial.
その証言[しょうげん]は嘘[うそ]だと分[わ]かっている,I know that testimony is a lie; shougen means testimony.
証人[しょうにん]はもうこの世[よ]にいない,the witness is no longer in this world; shounin means witness.
あの子[こ]の無実[むじつ]を必[かなら]ず証明[しょうめい]する,I will surely prove that child's innocence; mujitsu means innocence.
彼[かれ]に殺人[さつじん]の容疑[ようぎ]がかかっている,he is under suspicion of murder; yougi means suspicion of a crime.
敵[てき]の密書[みっしょ]をようやく手[て]に入[い]れた,we finally got hold of the enemy's secret letter; missho means secret dispatch.
山[やま]の道[みち]で敵[てき]を待[ま]ち伏[ぶ]せる,we will lie in wait for the enemy on the mountain road; machibuseru means to ambush.
この責任[せきにん]から免[まぬが]れることはできない,I cannot escape this responsibility; manugareru means to be exempted.
どこへ行[い]っても過去[かこ]からは逃[のが]れられない,wherever you go you cannot escape your past; nogareru means to flee from.
その一言[ひとこと]が国[くに]を揺[ゆ]るがす,that single word shakes the whole country; yurugasu means to shake.
この結果[けっか]を覆[くつがえ]すのは無理[むり]だ,overturning this result is impossible; kutsugaesu means to overturn.
俺[おれ]はあの男[おとこ]を告発[こくはつ]するつもりだ,I intend to denounce that man; kokuhatsu suru means to accuse publicly.
人[ひと]の記憶[きおく]を操作[そうさ]する術[じゅつ]があるらしい,apparently there is an art that manipulates memory; sousa suru means to manipulate.
